weekdate,simple_state,cumulative_prob
2020-04-12,alabama,0.994011976047904
2020-04-19,alabama,0.994011976047904
2020-04-26,alabama,0.994011976047904
2020-05-03,alabama,0.994011976047904
2020-05-10,alabama,0.994011976047904
2020-05-17,alabama,0.994011976047904
2020-05-24,alabama,0.994011976047904
2020-05-31,alabama,0.994011976047904
2020-06-07,alabama,0.994011976047904
2020-06-14,alabama,0.994011976047904
2020-06-21,alabama,0.994011976047904
2020-06-28,alabama,0.994011976047904
2020-07-05,alabama,0.994011976047904
2020-07-12,alabama,0.994510978043912
2020-07-19,alabama,0.994510978043912
2020-07-26,alabama,0.99500998003992
2020-08-02,alabama,0.996007984031936
2020-08-09,alabama,0.996007984031936
2020-08-16,alabama,0.996007984031936
2020-08-23,alabama,0.997005988023952
2020-08-30,alabama,0.99750499001996
2020-09-06,alabama,0.999001996007984
2020-09-13,alabama,0.999001996007984
2020-09-20,alabama,0.999500998003992
2020-09-27,alabama,0.999500998003992
2020-10-04,alabama,0.999500998003992
2020-10-11,alabama,1
2020-10-18,alabama,1
2020-10-25,alabama,1
2020-11-01,alabama,1
2020-11-08,alabama,1
2020-11-15,alabama,1
2020-11-22,alabama,1
2020-11-29,alabama,1
2020-12-06,alabama,1
2020-12-13,alabama,1
2020-12-20,alabama,1
2020-12-27,alabama,1
2020-04-12,alaska,0.998502994011976
2020-04-19,alaska,0.998502994011976
2020-04-26,alaska,0.998502994011976
2020-05-03,alaska,0.998502994011976
2020-05-10,alaska,0.998502994011976
2020-05-17,alaska,0.998502994011976
2020-05-24,alaska,0.998502994011976
2020-05-31,alaska,0.998502994011976
2020-06-07,alaska,0.998502994011976
2020-06-14,alaska,0.998502994011976
2020-06-21,alaska,0.998502994011976
2020-06-28,alaska,0.998502994011976
2020-07-05,alaska,0.998502994011976
2020-07-12,alaska,0.998502994011976
2020-07-19,alaska,0.998502994011976
2020-07-26,alaska,0.999001996007984
2020-08-02,alaska,0.999001996007984
2020-08-09,alaska,0.999001996007984
2020-08-16,alaska,0.999500998003992
2020-08-23,alaska,0.999500998003992
2020-08-30,alaska,0.999500998003992
2020-09-06,alaska,0.999500998003992
2020-09-13,alaska,1
2020-09-20,alaska,1
2020-09-27,alaska,1
2020-10-04,alaska,1
2020-10-11,alaska,1
2020-10-18,alaska,1
2020-10-25,alaska,1
2020-11-01,alaska,1
2020-11-08,alaska,1
2020-11-15,alaska,1
2020-11-22,alaska,1
2020-11-29,alaska,1
2020-12-06,alaska,1
2020-12-13,alaska,1
2020-12-20,alaska,1
2020-12-27,alaska,1
2020-04-12,arizona,0
2020-04-19,arizona,0
2020-04-26,arizona,0
2020-05-03,arizona,0
2020-05-10,arizona,0
2020-05-17,arizona,0
2020-05-24,arizona,0
2020-05-31,arizona,0
2020-06-07,arizona,0
2020-06-14,arizona,0
2020-06-21,arizona,0.349800399201597
2020-06-28,arizona,0.378243512974052
2020-07-05,arizona,0.466566866267465
2020-07-12,arizona,0.560379241516966
2020-07-19,arizona,0.640219560878244
2020-07-26,arizona,0.722055888223553
2020-08-02,arizona,0.788922155688623
2020-08-09,arizona,0.836826347305389
2020-08-16,arizona,0.877245508982036
2020-08-23,arizona,0.906686626746507
2020-08-30,arizona,0.932135728542914
2020-09-06,arizona,0.953592814371257
2020-09-13,arizona,0.967065868263473
2020-09-20,arizona,0.978043912175649
2020-09-27,arizona,0.984530938123753
2020-10-04,arizona,0.990518962075848
2020-10-11,arizona,0.994011976047904
2020-10-18,arizona,0.995508982035928
2020-10-25,arizona,0.997005988023952
2020-11-01,arizona,0.998003992015968
2020-11-08,arizona,0.998502994011976
2020-11-15,arizona,0.998502994011976
2020-11-22,arizona,0.998502994011976
2020-11-29,arizona,0.999001996007984
2020-12-06,arizona,0.999500998003992
2020-12-13,arizona,0.999500998003992
2020-12-20,arizona,1
2020-12-27,arizona,1
2020-04-12,arkansas,0.846307385229541
2020-04-19,arkansas,0.846307385229541
2020-04-26,arkansas,0.846307385229541
2020-05-03,arkansas,0.846307385229541
2020-05-10,arkansas,0.846307385229541
2020-05-17,arkansas,0.846307385229541
2020-05-24,arkansas,0.846307385229541
2020-05-31,arkansas,0.846307385229541
2020-06-07,arkansas,0.846307385229541
2020-06-14,arkansas,0.846307385229541
2020-06-21,arkansas,0.846307385229541
2020-06-28,arkansas,0.847804391217565
2020-07-05,arkansas,0.848802395209581
2020-07-12,arkansas,0.856786427145709
2020-07-19,arkansas,0.87125748502994
2020-07-26,arkansas,0.893213572854292
2020-08-02,arkansas,0.913173652694611
2020-08-09,arkansas,0.928642714570858
2020-08-16,arkansas,0.943612774451098
2020-08-23,arkansas,0.958083832335329
2020-08-30,arkansas,0.965069860279441
2020-09-06,arkansas,0.974550898203593
2020-09-13,arkansas,0.980039920159681
2020-09-20,arkansas,0.98502994011976
2020-09-27,arkansas,0.989021956087824
2020-10-04,arkansas,0.990518962075848
2020-10-11,arkansas,0.993512974051896
2020-10-18,arkansas,0.997005988023952
2020-10-25,arkansas,0.998003992015968
2020-11-01,arkansas,0.998003992015968
2020-11-08,arkansas,0.998003992015968
2020-11-15,arkansas,0.998502994011976
2020-11-22,arkansas,0.999001996007984
2020-11-29,arkansas,0.999500998003992
2020-12-06,arkansas,0.999500998003992
2020-12-13,arkansas,0.999500998003992
2020-12-20,arkansas,1
2020-12-27,arkansas,1
2020-04-12,california,0.99251497005988
2020-04-19,california,0.99251497005988
2020-04-26,california,0.99251497005988
2020-05-03,california,0.99251497005988
2020-05-10,california,0.99251497005988
2020-05-17,california,0.99251497005988
2020-05-24,california,0.99251497005988
2020-05-31,california,0.99251497005988
2020-06-07,california,0.99251497005988
2020-06-14,california,0.99251497005988
2020-06-21,california,0.99251497005988
2020-06-28,california,0.99251497005988
2020-07-05,california,0.99251497005988
2020-07-12,california,0.99251497005988
2020-07-19,california,0.99251497005988
2020-07-26,california,0.993512974051896
2020-08-02,california,0.994011976047904
2020-08-09,california,0.994011976047904
2020-08-16,california,0.99500998003992
2020-08-23,california,0.99500998003992
2020-08-30,california,0.995508982035928
2020-09-06,california,0.997005988023952
2020-09-13,california,0.99750499001996
2020-09-20,california,0.99750499001996
2020-09-27,california,0.998003992015968
2020-10-04,california,0.998502994011976
2020-10-11,california,0.999500998003992
2020-10-18,california,1
2020-10-25,california,1
2020-11-01,california,1
2020-11-08,california,1
2020-11-15,california,1
2020-11-22,california,1
2020-11-29,california,1
2020-12-06,california,1
2020-12-13,california,1
2020-12-20,california,1
2020-12-27,california,1
2020-04-12,colorado,1
2020-04-19,colorado,1
2020-04-26,colorado,1
2020-05-03,colorado,1
2020-05-10,colorado,1
2020-05-17,colorado,1
2020-05-24,colorado,1
2020-05-31,colorado,1
2020-06-07,colorado,1
2020-06-14,colorado,1
2020-06-21,colorado,1
2020-06-28,colorado,1
2020-07-05,colorado,1
2020-07-12,colorado,1
2020-07-19,colorado,1
2020-07-26,colorado,1
2020-08-02,colorado,1
2020-08-09,colorado,1
2020-08-16,colorado,1
2020-08-23,colorado,1
2020-08-30,colorado,1
2020-09-06,colorado,1
2020-09-13,colorado,1
2020-09-20,colorado,1
2020-09-27,colorado,1
2020-10-04,colorado,1
2020-10-11,colorado,1
2020-10-18,colorado,1
2020-10-25,colorado,1
2020-11-01,colorado,1
2020-11-08,colorado,1
2020-11-15,colorado,1
2020-11-22,colorado,1
2020-11-29,colorado,1
2020-12-06,colorado,1
2020-12-13,colorado,1
2020-12-20,colorado,1
2020-12-27,colorado,1
2020-04-12,connecticut,1
2020-04-19,connecticut,1
2020-04-26,connecticut,1
2020-05-03,connecticut,1
2020-05-10,connecticut,1
2020-05-17,connecticut,1
2020-05-24,connecticut,1
2020-05-31,connecticut,1
2020-06-07,connecticut,1
2020-06-14,connecticut,1
2020-06-21,connecticut,1
2020-06-28,connecticut,1
2020-07-05,connecticut,1
2020-07-12,connecticut,1
2020-07-19,connecticut,1
2020-07-26,connecticut,1
2020-08-02,connecticut,1
2020-08-09,connecticut,1
2020-08-16,connecticut,1
2020-08-23,connecticut,1
2020-08-30,connecticut,1
2020-09-06,connecticut,1
2020-09-13,connecticut,1
2020-09-20,connecticut,1
2020-09-27,connecticut,1
2020-10-04,connecticut,1
2020-10-11,connecticut,1
2020-10-18,connecticut,1
2020-10-25,connecticut,1
2020-11-01,connecticut,1
2020-11-08,connecticut,1
2020-11-15,connecticut,1
2020-11-22,connecticut,1
2020-11-29,connecticut,1
2020-12-06,connecticut,1
2020-12-13,connecticut,1
2020-12-20,connecticut,1
2020-12-27,connecticut,1
2020-04-12,delaware,1
2020-04-19,delaware,1
2020-04-26,delaware,1
2020-05-03,delaware,1
2020-05-10,delaware,1
2020-05-17,delaware,1
2020-05-24,delaware,1
2020-05-31,delaware,1
2020-06-07,delaware,1
2020-06-14,delaware,1
2020-06-21,delaware,1
2020-06-28,delaware,1
2020-07-05,delaware,1
2020-07-12,delaware,1
2020-07-19,delaware,1
2020-07-26,delaware,1
2020-08-02,delaware,1
2020-08-09,delaware,1
2020-08-16,delaware,1
2020-08-23,delaware,1
2020-08-30,delaware,1
2020-09-06,delaware,1
2020-09-13,delaware,1
2020-09-20,delaware,1
2020-09-27,delaware,1
2020-10-04,delaware,1
2020-10-11,delaware,1
2020-10-18,delaware,1
2020-10-25,delaware,1
2020-11-01,delaware,1
2020-11-08,delaware,1
2020-11-15,delaware,1
2020-11-22,delaware,1
2020-11-29,delaware,1
2020-12-06,delaware,1
2020-12-13,delaware,1
2020-12-20,delaware,1
2020-12-27,delaware,1
2020-04-12,districtofcolumbia,1
2020-04-19,districtofcolumbia,1
2020-04-26,districtofcolumbia,1
2020-05-03,districtofcolumbia,1
2020-05-10,districtofcolumbia,1
2020-05-17,districtofcolumbia,1
2020-05-24,districtofcolumbia,1
2020-05-31,districtofcolumbia,1
2020-06-07,districtofcolumbia,1
2020-06-14,districtofcolumbia,1
2020-06-21,districtofcolumbia,1
2020-06-28,districtofcolumbia,1
2020-07-05,districtofcolumbia,1
2020-07-12,districtofcolumbia,1
2020-07-19,districtofcolumbia,1
2020-07-26,districtofcolumbia,1
2020-08-02,districtofcolumbia,1
2020-08-09,districtofcolumbia,1
2020-08-16,districtofcolumbia,1
2020-08-23,districtofcolumbia,1
2020-08-30,districtofcolumbia,1
2020-09-06,districtofcolumbia,1
2020-09-13,districtofcolumbia,1
2020-09-20,districtofcolumbia,1
2020-09-27,districtofcolumbia,1
2020-10-04,districtofcolumbia,1
2020-10-11,districtofcolumbia,1
2020-10-18,districtofcolumbia,1
2020-10-25,districtofcolumbia,1
2020-11-01,districtofcolumbia,1
2020-11-08,districtofcolumbia,1
2020-11-15,districtofcolumbia,1
2020-11-22,districtofcolumbia,1
2020-11-29,districtofcolumbia,1
2020-12-06,districtofcolumbia,1
2020-12-13,districtofcolumbia,1
2020-12-20,districtofcolumbia,1
2020-12-27,districtofcolumbia,1
2020-04-12,florida,0.93562874251497
2020-04-19,florida,0.93562874251497
2020-04-26,florida,0.93562874251497
2020-05-03,florida,0.93562874251497
2020-05-10,florida,0.93562874251497
2020-05-17,florida,0.93562874251497
2020-05-24,florida,0.93562874251497
2020-05-31,florida,0.93562874251497
2020-06-07,florida,0.93562874251497
2020-06-14,florida,0.93562874251497
2020-06-21,florida,0.93562874251497
2020-06-28,florida,0.93562874251497
2020-07-05,florida,0.93562874251497
2020-07-12,florida,0.936127744510978
2020-07-19,florida,0.93812375249501
2020-07-26,florida,0.941117764471058
2020-08-02,florida,0.947604790419162
2020-08-09,florida,0.951596806387226
2020-08-16,florida,0.961077844311377
2020-08-23,florida,0.970059880239521
2020-08-30,florida,0.978043912175649
2020-09-06,florida,0.982534930139721
2020-09-13,florida,0.986027944111776
2020-09-20,florida,0.9875249500998
2020-09-27,florida,0.990518962075848
2020-10-04,florida,0.993512974051896
2020-10-11,florida,0.994510978043912
2020-10-18,florida,0.996007984031936
2020-10-25,florida,0.997005988023952
2020-11-01,florida,0.99750499001996
2020-11-08,florida,0.998003992015968
2020-11-15,florida,0.999001996007984
2020-11-22,florida,0.999500998003992
2020-11-29,florida,0.999500998003992
2020-12-06,florida,1
2020-12-13,florida,1
2020-12-20,florida,1
2020-12-27,florida,1
2020-04-12,georgia,0.998502994011976
2020-04-19,georgia,0.998502994011976
2020-04-26,georgia,0.998502994011976
2020-05-03,georgia,0.998502994011976
2020-05-10,georgia,0.998502994011976
2020-05-17,georgia,0.998502994011976
2020-05-24,georgia,0.998502994011976
2020-05-31,georgia,0.998502994011976
2020-06-07,georgia,0.998502994011976
2020-06-14,georgia,0.998502994011976
2020-06-21,georgia,0.998502994011976
2020-06-28,georgia,0.998502994011976
2020-07-05,georgia,0.998502994011976
2020-07-12,georgia,0.998502994011976
2020-07-19,georgia,0.998502994011976
2020-07-26,georgia,0.998502994011976
2020-08-02,georgia,0.998502994011976
2020-08-09,georgia,0.998502994011976
2020-08-16,georgia,0.998502994011976
2020-08-23,georgia,0.998502994011976
2020-08-30,georgia,0.998502994011976
2020-09-06,georgia,0.999001996007984
2020-09-13,georgia,0.999001996007984
2020-09-20,georgia,0.999001996007984
2020-09-27,georgia,0.999500998003992
2020-10-04,georgia,0.999500998003992
2020-10-11,georgia,0.999500998003992
2020-10-18,georgia,1
2020-10-25,georgia,1
2020-11-01,georgia,1
2020-11-08,georgia,1
2020-11-15,georgia,1
2020-11-22,georgia,1
2020-11-29,georgia,1
2020-12-06,georgia,1
2020-12-13,georgia,1
2020-12-20,georgia,1
2020-12-27,georgia,1
2020-04-12,hawaii,0.998502994011976
2020-04-19,hawaii,0.998502994011976
2020-04-26,hawaii,0.998502994011976
2020-05-03,hawaii,0.998502994011976
2020-05-10,hawaii,0.998502994011976
2020-05-17,hawaii,0.998502994011976
2020-05-24,hawaii,0.998502994011976
2020-05-31,hawaii,0.998502994011976
2020-06-07,hawaii,0.998502994011976
2020-06-14,hawaii,0.998502994011976
2020-06-21,hawaii,0.998502994011976
2020-06-28,hawaii,0.998502994011976
2020-07-05,hawaii,0.998502994011976
2020-07-12,hawaii,0.998502994011976
2020-07-19,hawaii,0.998502994011976
2020-07-26,hawaii,0.998502994011976
2020-08-02,hawaii,0.998502994011976
2020-08-09,hawaii,0.998502994011976
2020-08-16,hawaii,0.998502994011976
2020-08-23,hawaii,0.998502994011976
2020-08-30,hawaii,0.998502994011976
2020-09-06,hawaii,0.998502994011976
2020-09-13,hawaii,0.998502994011976
2020-09-20,hawaii,0.998502994011976
2020-09-27,hawaii,0.998502994011976
2020-10-04,hawaii,0.998502994011976
2020-10-11,hawaii,0.999001996007984
2020-10-18,hawaii,0.999001996007984
2020-10-25,hawaii,0.999001996007984
2020-11-01,hawaii,0.999001996007984
2020-11-08,hawaii,0.999001996007984
2020-11-15,hawaii,0.999001996007984
2020-11-22,hawaii,0.999500998003992
2020-11-29,hawaii,0.999500998003992
2020-12-06,hawaii,0.999500998003992
2020-12-13,hawaii,1
2020-12-20,hawaii,1
2020-12-27,hawaii,1
2020-04-12,idaho,0.991017964071856
2020-04-19,idaho,0.991017964071856
2020-04-26,idaho,0.991017964071856
2020-05-03,idaho,0.991017964071856
2020-05-10,idaho,0.991017964071856
2020-05-17,idaho,0.991017964071856
2020-05-24,idaho,0.991017964071856
2020-05-31,idaho,0.991017964071856
2020-06-07,idaho,0.991017964071856
2020-06-14,idaho,0.991017964071856
2020-06-21,idaho,0.991017964071856
2020-06-28,idaho,0.991017964071856
2020-07-05,idaho,0.991017964071856
2020-07-12,idaho,0.991017964071856
2020-07-19,idaho,0.991017964071856
2020-07-26,idaho,0.991017964071856
2020-08-02,idaho,0.992015968063872
2020-08-09,idaho,0.99251497005988
2020-08-16,idaho,0.99251497005988
2020-08-23,idaho,0.994510978043912
2020-08-30,idaho,0.996007984031936
2020-09-06,idaho,0.99750499001996
2020-09-13,idaho,0.998003992015968
2020-09-20,idaho,0.998502994011976
2020-09-27,idaho,0.999001996007984
2020-10-04,idaho,0.999500998003992
2020-10-11,idaho,0.999500998003992
2020-10-18,idaho,1
2020-10-25,idaho,1
2020-11-01,idaho,1
2020-11-08,idaho,1
2020-11-15,idaho,1
2020-11-22,idaho,1
2020-11-29,idaho,1
2020-12-06,idaho,1
2020-12-13,idaho,1
2020-12-20,idaho,1
2020-12-27,idaho,1
2020-04-12,illinois,1
2020-04-19,illinois,1
2020-04-26,illinois,1
2020-05-03,illinois,1
2020-05-10,illinois,1
2020-05-17,illinois,1
2020-05-24,illinois,1
2020-05-31,illinois,1
2020-06-07,illinois,1
2020-06-14,illinois,1
2020-06-21,illinois,1
2020-06-28,illinois,1
2020-07-05,illinois,1
2020-07-12,illinois,1
2020-07-19,illinois,1
2020-07-26,illinois,1
2020-08-02,illinois,1
2020-08-09,illinois,1
2020-08-16,illinois,1
2020-08-23,illinois,1
2020-08-30,illinois,1
2020-09-06,illinois,1
2020-09-13,illinois,1
2020-09-20,illinois,1
2020-09-27,illinois,1
2020-10-04,illinois,1
2020-10-11,illinois,1
2020-10-18,illinois,1
2020-10-25,illinois,1
2020-11-01,illinois,1
2020-11-08,illinois,1
2020-11-15,illinois,1
2020-11-22,illinois,1
2020-11-29,illinois,1
2020-12-06,illinois,1
2020-12-13,illinois,1
2020-12-20,illinois,1
2020-12-27,illinois,1
2020-04-12,indiana,1
2020-04-19,indiana,1
2020-04-26,indiana,1
2020-05-03,indiana,1
2020-05-10,indiana,1
2020-05-17,indiana,1
2020-05-24,indiana,1
2020-05-31,indiana,1
2020-06-07,indiana,1
2020-06-14,indiana,1
2020-06-21,indiana,1
2020-06-28,indiana,1
2020-07-05,indiana,1
2020-07-12,indiana,1
2020-07-19,indiana,1
2020-07-26,indiana,1
2020-08-02,indiana,1
2020-08-09,indiana,1
2020-08-16,indiana,1
2020-08-23,indiana,1
2020-08-30,indiana,1
2020-09-06,indiana,1
2020-09-13,indiana,1
2020-09-20,indiana,1
2020-09-27,indiana,1
2020-10-04,indiana,1
2020-10-11,indiana,1
2020-10-18,indiana,1
2020-10-25,indiana,1
2020-11-01,indiana,1
2020-11-08,indiana,1
2020-11-15,indiana,1
2020-11-22,indiana,1
2020-11-29,indiana,1
2020-12-06,indiana,1
2020-12-13,indiana,1
2020-12-20,indiana,1
2020-12-27,indiana,1
2020-04-12,iowa,0.983532934131737
2020-04-19,iowa,0.983532934131737
2020-04-26,iowa,0.983532934131737
2020-05-03,iowa,0.983532934131737
2020-05-10,iowa,0.983532934131737
2020-05-17,iowa,0.983532934131737
2020-05-24,iowa,0.983532934131737
2020-05-31,iowa,0.983532934131737
2020-06-07,iowa,0.983532934131737
2020-06-14,iowa,0.983532934131737
2020-06-21,iowa,0.983532934131737
2020-06-28,iowa,0.983532934131737
2020-07-05,iowa,0.983532934131737
2020-07-12,iowa,0.984031936127744
2020-07-19,iowa,0.985528942115769
2020-07-26,iowa,0.987025948103792
2020-08-02,iowa,0.988522954091816
2020-08-09,iowa,0.990518962075848
2020-08-16,iowa,0.993512974051896
2020-08-23,iowa,0.996007984031936
2020-08-30,iowa,0.99750499001996
2020-09-06,iowa,0.998502994011976
2020-09-13,iowa,0.998502994011976
2020-09-20,iowa,0.999001996007984
2020-09-27,iowa,0.999001996007984
2020-10-04,iowa,0.999001996007984
2020-10-11,iowa,0.999500998003992
2020-10-18,iowa,0.999500998003992
2020-10-25,iowa,1
2020-11-01,iowa,1
2020-11-08,iowa,1
2020-11-15,iowa,1
2020-11-22,iowa,1
2020-11-29,iowa,1
2020-12-06,iowa,1
2020-12-13,iowa,1
2020-12-20,iowa,1
2020-12-27,iowa,1
2020-04-12,kansas,0.998003992015968
2020-04-19,kansas,0.998003992015968
2020-04-26,kansas,0.998003992015968
2020-05-03,kansas,0.998003992015968
2020-05-10,kansas,0.998003992015968
2020-05-17,kansas,0.998003992015968
2020-05-24,kansas,0.998003992015968
2020-05-31,kansas,0.998003992015968
2020-06-07,kansas,0.998003992015968
2020-06-14,kansas,0.998003992015968
2020-06-21,kansas,0.998003992015968
2020-06-28,kansas,0.998003992015968
2020-07-05,kansas,0.998003992015968
2020-07-12,kansas,0.998003992015968
2020-07-19,kansas,0.998003992015968
2020-07-26,kansas,0.998003992015968
2020-08-02,kansas,0.998003992015968
2020-08-09,kansas,0.998003992015968
2020-08-16,kansas,0.998003992015968
2020-08-23,kansas,0.998003992015968
2020-08-30,kansas,0.998502994011976
2020-09-06,kansas,0.998502994011976
2020-09-13,kansas,0.999001996007984
2020-09-20,kansas,0.999001996007984
2020-09-27,kansas,0.999500998003992
2020-10-04,kansas,0.999500998003992
2020-10-11,kansas,0.999500998003992
2020-10-18,kansas,1
2020-10-25,kansas,1
2020-11-01,kansas,1
2020-11-08,kansas,1
2020-11-15,kansas,1
2020-11-22,kansas,1
2020-11-29,kansas,1
2020-12-06,kansas,1
2020-12-13,kansas,1
2020-12-20,kansas,1
2020-12-27,kansas,1
2020-04-12,kentucky,0.996506986027944
2020-04-19,kentucky,0.996506986027944
2020-04-26,kentucky,0.996506986027944
2020-05-03,kentucky,0.996506986027944
2020-05-10,kentucky,0.996506986027944
2020-05-17,kentucky,0.996506986027944
2020-05-24,kentucky,0.996506986027944
2020-05-31,kentucky,0.996506986027944
2020-06-07,kentucky,0.996506986027944
2020-06-14,kentucky,0.996506986027944
2020-06-21,kentucky,0.996506986027944
2020-06-28,kentucky,0.996506986027944
2020-07-05,kentucky,0.996506986027944
2020-07-12,kentucky,0.996506986027944
2020-07-19,kentucky,0.996506986027944
2020-07-26,kentucky,0.996506986027944
2020-08-02,kentucky,0.996506986027944
2020-08-09,kentucky,0.996506986027944
2020-08-16,kentucky,0.997005988023952
2020-08-23,kentucky,0.99750499001996
2020-08-30,kentucky,0.99750499001996
2020-09-06,kentucky,0.998003992015968
2020-09-13,kentucky,0.998003992015968
2020-09-20,kentucky,0.998003992015968
2020-09-27,kentucky,0.998502994011976
2020-10-04,kentucky,0.999001996007984
2020-10-11,kentucky,0.999001996007984
2020-10-18,kentucky,0.999001996007984
2020-10-25,kentucky,0.999500998003992
2020-11-01,kentucky,0.999500998003992
2020-11-08,kentucky,1
2020-11-15,kentucky,1
2020-11-22,kentucky,1
2020-11-29,kentucky,1
2020-12-06,kentucky,1
2020-12-13,kentucky,1
2020-12-20,kentucky,1
2020-12-27,kentucky,1
2020-04-12,louisiana,1
2020-04-19,louisiana,1
2020-04-26,louisiana,1
2020-05-03,louisiana,1
2020-05-10,louisiana,1
2020-05-17,louisiana,1
2020-05-24,louisiana,1
2020-05-31,louisiana,1
2020-06-07,louisiana,1
2020-06-14,louisiana,1
2020-06-21,louisiana,1
2020-06-28,louisiana,1
2020-07-05,louisiana,1
2020-07-12,louisiana,1
2020-07-19,louisiana,1
2020-07-26,louisiana,1
2020-08-02,louisiana,1
2020-08-09,louisiana,1
2020-08-16,louisiana,1
2020-08-23,louisiana,1
2020-08-30,louisiana,1
2020-09-06,louisiana,1
2020-09-13,louisiana,1
2020-09-20,louisiana,1
2020-09-27,louisiana,1
2020-10-04,louisiana,1
2020-10-11,louisiana,1
2020-10-18,louisiana,1
2020-10-25,louisiana,1
2020-11-01,louisiana,1
2020-11-08,louisiana,1
2020-11-15,louisiana,1
2020-11-22,louisiana,1
2020-11-29,louisiana,1
2020-12-06,louisiana,1
2020-12-13,louisiana,1
2020-12-20,louisiana,1
2020-12-27,louisiana,1
2020-04-12,maine,1
2020-04-19,maine,1
2020-04-26,maine,1
2020-05-03,maine,1
2020-05-10,maine,1
2020-05-17,maine,1
2020-05-24,maine,1
2020-05-31,maine,1
2020-06-07,maine,1
2020-06-14,maine,1
2020-06-21,maine,1
2020-06-28,maine,1
2020-07-05,maine,1
2020-07-12,maine,1
2020-07-19,maine,1
2020-07-26,maine,1
2020-08-02,maine,1
2020-08-09,maine,1
2020-08-16,maine,1
2020-08-23,maine,1
2020-08-30,maine,1
2020-09-06,maine,1
2020-09-13,maine,1
2020-09-20,maine,1
2020-09-27,maine,1
2020-10-04,maine,1
2020-10-11,maine,1
2020-10-18,maine,1
2020-10-25,maine,1
2020-11-01,maine,1
2020-11-08,maine,1
2020-11-15,maine,1
2020-11-22,maine,1
2020-11-29,maine,1
2020-12-06,maine,1
2020-12-13,maine,1
2020-12-20,maine,1
2020-12-27,maine,1
2020-04-12,maryland,1
2020-04-19,maryland,1
2020-04-26,maryland,1
2020-05-03,maryland,1
2020-05-10,maryland,1
2020-05-17,maryland,1
2020-05-24,maryland,1
2020-05-31,maryland,1
2020-06-07,maryland,1
2020-06-14,maryland,1
2020-06-21,maryland,1
2020-06-28,maryland,1
2020-07-05,maryland,1
2020-07-12,maryland,1
2020-07-19,maryland,1
2020-07-26,maryland,1
2020-08-02,maryland,1
2020-08-09,maryland,1
2020-08-16,maryland,1
2020-08-23,maryland,1
2020-08-30,maryland,1
2020-09-06,maryland,1
2020-09-13,maryland,1
2020-09-20,maryland,1
2020-09-27,maryland,1
2020-10-04,maryland,1
2020-10-11,maryland,1
2020-10-18,maryland,1
2020-10-25,maryland,1
2020-11-01,maryland,1
2020-11-08,maryland,1
2020-11-15,maryland,1
2020-11-22,maryland,1
2020-11-29,maryland,1
2020-12-06,maryland,1
2020-12-13,maryland,1
2020-12-20,maryland,1
2020-12-27,maryland,1
2020-04-12,massachusetts,1
2020-04-19,massachusetts,1
2020-04-26,massachusetts,1
2020-05-03,massachusetts,1
2020-05-10,massachusetts,1
2020-05-17,massachusetts,1
2020-05-24,massachusetts,1
2020-05-31,massachusetts,1
2020-06-07,massachusetts,1
2020-06-14,massachusetts,1
2020-06-21,massachusetts,1
2020-06-28,massachusetts,1
2020-07-05,massachusetts,1
2020-07-12,massachusetts,1
2020-07-19,massachusetts,1
2020-07-26,massachusetts,1
2020-08-02,massachusetts,1
2020-08-09,massachusetts,1
2020-08-16,massachusetts,1
2020-08-23,massachusetts,1
2020-08-30,massachusetts,1
2020-09-06,massachusetts,1
2020-09-13,massachusetts,1
2020-09-20,massachusetts,1
2020-09-27,massachusetts,1
2020-10-04,massachusetts,1
2020-10-11,massachusetts,1
2020-10-18,massachusetts,1
2020-10-25,massachusetts,1
2020-11-01,massachusetts,1
2020-11-08,massachusetts,1
2020-11-15,massachusetts,1
2020-11-22,massachusetts,1
2020-11-29,massachusetts,1
2020-12-06,massachusetts,1
2020-12-13,massachusetts,1
2020-12-20,massachusetts,1
2020-12-27,massachusetts,1
2020-04-12,michigan,1
2020-04-19,michigan,1
2020-04-26,michigan,1
2020-05-03,michigan,1
2020-05-10,michigan,1
2020-05-17,michigan,1
2020-05-24,michigan,1
2020-05-31,michigan,1
2020-06-07,michigan,1
2020-06-14,michigan,1
2020-06-21,michigan,1
2020-06-28,michigan,1
2020-07-05,michigan,1
2020-07-12,michigan,1
2020-07-19,michigan,1
2020-07-26,michigan,1
2020-08-02,michigan,1
2020-08-09,michigan,1
2020-08-16,michigan,1
2020-08-23,michigan,1
2020-08-30,michigan,1
2020-09-06,michigan,1
2020-09-13,michigan,1
2020-09-20,michigan,1
2020-09-27,michigan,1
2020-10-04,michigan,1
2020-10-11,michigan,1
2020-10-18,michigan,1
2020-10-25,michigan,1
2020-11-01,michigan,1
2020-11-08,michigan,1
2020-11-15,michigan,1
2020-11-22,michigan,1
2020-11-29,michigan,1
2020-12-06,michigan,1
2020-12-13,michigan,1
2020-12-20,michigan,1
2020-12-27,michigan,1
2020-04-12,minnesota,0.980039920159681
2020-04-19,minnesota,0.980039920159681
2020-04-26,minnesota,0.980039920159681
2020-05-03,minnesota,0.980039920159681
2020-05-10,minnesota,0.980039920159681
2020-05-17,minnesota,0.980039920159681
2020-05-24,minnesota,0.980039920159681
2020-05-31,minnesota,0.980039920159681
2020-06-07,minnesota,0.980039920159681
2020-06-14,minnesota,0.980039920159681
2020-06-21,minnesota,0.980039920159681
2020-06-28,minnesota,0.980039920159681
2020-07-05,minnesota,0.980039920159681
2020-07-12,minnesota,0.981037924151697
2020-07-19,minnesota,0.983532934131737
2020-07-26,minnesota,0.983532934131737
2020-08-02,minnesota,0.9875249500998
2020-08-09,minnesota,0.99001996007984
2020-08-16,minnesota,0.992015968063872
2020-08-23,minnesota,0.993013972055888
2020-08-30,minnesota,0.993512974051896
2020-09-06,minnesota,0.995508982035928
2020-09-13,minnesota,0.996007984031936
2020-09-20,minnesota,0.996506986027944
2020-09-27,minnesota,0.998003992015968
2020-10-04,minnesota,0.999001996007984
2020-10-11,minnesota,1
2020-10-18,minnesota,1
2020-10-25,minnesota,1
2020-11-01,minnesota,1
2020-11-08,minnesota,1
2020-11-15,minnesota,1
2020-11-22,minnesota,1
2020-11-29,minnesota,1
2020-12-06,minnesota,1
2020-12-13,minnesota,1
2020-12-20,minnesota,1
2020-12-27,minnesota,1
2020-04-12,mississippi,1
2020-04-19,mississippi,1
2020-04-26,mississippi,1
2020-05-03,mississippi,1
2020-05-10,mississippi,1
2020-05-17,mississippi,1
2020-05-24,mississippi,1
2020-05-31,mississippi,1
2020-06-07,mississippi,1
2020-06-14,mississippi,1
2020-06-21,mississippi,1
2020-06-28,mississippi,1
2020-07-05,mississippi,1
2020-07-12,mississippi,1
2020-07-19,mississippi,1
2020-07-26,mississippi,1
2020-08-02,mississippi,1
2020-08-09,mississippi,1
2020-08-16,mississippi,1
2020-08-23,mississippi,1
2020-08-30,mississippi,1
2020-09-06,mississippi,1
2020-09-13,mississippi,1
2020-09-20,mississippi,1
2020-09-27,mississippi,1
2020-10-04,mississippi,1
2020-10-11,mississippi,1
2020-10-18,mississippi,1
2020-10-25,mississippi,1
2020-11-01,mississippi,1
2020-11-08,mississippi,1
2020-11-15,mississippi,1
2020-11-22,mississippi,1
2020-11-29,mississippi,1
2020-12-06,mississippi,1
2020-12-13,mississippi,1
2020-12-20,mississippi,1
2020-12-27,mississippi,1
2020-04-12,missouri,0.99500998003992
2020-04-19,missouri,0.99500998003992
2020-04-26,missouri,0.99500998003992
2020-05-03,missouri,0.99500998003992
2020-05-10,missouri,0.99500998003992
2020-05-17,missouri,0.99500998003992
2020-05-24,missouri,0.99500998003992
2020-05-31,missouri,0.99500998003992
2020-06-07,missouri,0.99500998003992
2020-06-14,missouri,0.99500998003992
2020-06-21,missouri,0.99500998003992
2020-06-28,missouri,0.99500998003992
2020-07-05,missouri,0.99500998003992
2020-07-12,missouri,0.99500998003992
2020-07-19,missouri,0.99500998003992
2020-07-26,missouri,0.99500998003992
2020-08-02,missouri,0.995508982035928
2020-08-09,missouri,0.996007984031936
2020-08-16,missouri,0.996506986027944
2020-08-23,missouri,0.996506986027944
2020-08-30,missouri,0.99750499001996
2020-09-06,missouri,0.998502994011976
2020-09-13,missouri,0.999001996007984
2020-09-20,missouri,0.999500998003992
2020-09-27,missouri,0.999500998003992
2020-10-04,missouri,0.999500998003992
2020-10-11,missouri,0.999500998003992
2020-10-18,missouri,0.999500998003992
2020-10-25,missouri,0.999500998003992
2020-11-01,missouri,0.999500998003992
2020-11-08,missouri,0.999500998003992
2020-11-15,missouri,0.999500998003992
2020-11-22,missouri,0.999500998003992
2020-11-29,missouri,1
2020-12-06,missouri,1
2020-12-13,missouri,1
2020-12-20,missouri,1
2020-12-27,missouri,1
2020-04-12,montana,0.993013972055888
2020-04-19,montana,0.993013972055888
2020-04-26,montana,0.993013972055888
2020-05-03,montana,0.993013972055888
2020-05-10,montana,0.993013972055888
2020-05-17,montana,0.993013972055888
2020-05-24,montana,0.993013972055888
2020-05-31,montana,0.993013972055888
2020-06-07,montana,0.993013972055888
2020-06-14,montana,0.993013972055888
2020-06-21,montana,0.993013972055888
2020-06-28,montana,0.993013972055888
2020-07-05,montana,0.993013972055888
2020-07-12,montana,0.993013972055888
2020-07-19,montana,0.993013972055888
2020-07-26,montana,0.993013972055888
2020-08-02,montana,0.993013972055888
2020-08-09,montana,0.993013972055888
2020-08-16,montana,0.993512974051896
2020-08-23,montana,0.994011976047904
2020-08-30,montana,0.995508982035928
2020-09-06,montana,0.997005988023952
2020-09-13,montana,0.99750499001996
2020-09-20,montana,0.99750499001996
2020-09-27,montana,0.998003992015968
2020-10-04,montana,0.998003992015968
2020-10-11,montana,0.998003992015968
2020-10-18,montana,0.999001996007984
2020-10-25,montana,0.999001996007984
2020-11-01,montana,0.999500998003992
2020-11-08,montana,0.999500998003992
2020-11-15,montana,0.999500998003992
2020-11-22,montana,0.999500998003992
2020-11-29,montana,0.999500998003992
2020-12-06,montana,1
2020-12-13,montana,1
2020-12-20,montana,1
2020-12-27,montana,1
2020-04-12,nebraska,0
2020-04-19,nebraska,0
2020-04-26,nebraska,0
2020-05-03,nebraska,0.99750499001996
2020-05-10,nebraska,0.99750499001996
2020-05-17,nebraska,0.99750499001996
2020-05-24,nebraska,0.99750499001996
2020-05-31,nebraska,0.99750499001996
2020-06-07,nebraska,0.99750499001996
2020-06-14,nebraska,0.99750499001996
2020-06-21,nebraska,0.99750499001996
2020-06-28,nebraska,0.99750499001996
2020-07-05,nebraska,0.99750499001996
2020-07-12,nebraska,0.99750499001996
2020-07-19,nebraska,0.998003992015968
2020-07-26,nebraska,0.998003992015968
2020-08-02,nebraska,0.999001996007984
2020-08-09,nebraska,0.999001996007984
2020-08-16,nebraska,0.999500998003992
2020-08-23,nebraska,0.999500998003992
2020-08-30,nebraska,0.999500998003992
2020-09-06,nebraska,0.999500998003992
2020-09-13,nebraska,0.999500998003992
2020-09-20,nebraska,0.999500998003992
2020-09-27,nebraska,0.999500998003992
2020-10-04,nebraska,1
2020-10-11,nebraska,1
2020-10-18,nebraska,1
2020-10-25,nebraska,1
2020-11-01,nebraska,1
2020-11-08,nebraska,1
2020-11-15,nebraska,1
2020-11-22,nebraska,1
2020-11-29,nebraska,1
2020-12-06,nebraska,1
2020-12-13,nebraska,1
2020-12-20,nebraska,1
2020-12-27,nebraska,1
2020-04-12,nevada,0.989021956087824
2020-04-19,nevada,0.989021956087824
2020-04-26,nevada,0.989021956087824
2020-05-03,nevada,0.989021956087824
2020-05-10,nevada,0.989021956087824
2020-05-17,nevada,0.989021956087824
2020-05-24,nevada,0.989021956087824
2020-05-31,nevada,0.989021956087824
2020-06-07,nevada,0.989021956087824
2020-06-14,nevada,0.989021956087824
2020-06-21,nevada,0.989021956087824
2020-06-28,nevada,0.989021956087824
2020-07-05,nevada,0.989021956087824
2020-07-12,nevada,0.989021956087824
2020-07-19,nevada,0.989021956087824
2020-07-26,nevada,0.989021956087824
2020-08-02,nevada,0.99001996007984
2020-08-09,nevada,0.991017964071856
2020-08-16,nevada,0.993013972055888
2020-08-23,nevada,0.994510978043912
2020-08-30,nevada,0.994510978043912
2020-09-06,nevada,0.996007984031936
2020-09-13,nevada,0.997005988023952
2020-09-20,nevada,0.99750499001996
2020-09-27,nevada,0.998502994011976
2020-10-04,nevada,0.999500998003992
2020-10-11,nevada,0.999500998003992
2020-10-18,nevada,0.999500998003992
2020-10-25,nevada,0.999500998003992
2020-11-01,nevada,1
2020-11-08,nevada,1
2020-11-15,nevada,1
2020-11-22,nevada,1
2020-11-29,nevada,1
2020-12-06,nevada,1
2020-12-13,nevada,1
2020-12-20,nevada,1
2020-12-27,nevada,1
2020-04-12,newhampshire,1
2020-04-19,newhampshire,1
2020-04-26,newhampshire,1
2020-05-03,newhampshire,1
2020-05-10,newhampshire,1
2020-05-17,newhampshire,1
2020-05-24,newhampshire,1
2020-05-31,newhampshire,1
2020-06-07,newhampshire,1
2020-06-14,newhampshire,1
2020-06-21,newhampshire,1
2020-06-28,newhampshire,1
2020-07-05,newhampshire,1
2020-07-12,newhampshire,1
2020-07-19,newhampshire,1
2020-07-26,newhampshire,1
2020-08-02,newhampshire,1
2020-08-09,newhampshire,1
2020-08-16,newhampshire,1
2020-08-23,newhampshire,1
2020-08-30,newhampshire,1
2020-09-06,newhampshire,1
2020-09-13,newhampshire,1
2020-09-20,newhampshire,1
2020-09-27,newhampshire,1
2020-10-04,newhampshire,1
2020-10-11,newhampshire,1
2020-10-18,newhampshire,1
2020-10-25,newhampshire,1
2020-11-01,newhampshire,1
2020-11-08,newhampshire,1
2020-11-15,newhampshire,1
2020-11-22,newhampshire,1
2020-11-29,newhampshire,1
2020-12-06,newhampshire,1
2020-12-13,newhampshire,1
2020-12-20,newhampshire,1
2020-12-27,newhampshire,1
2020-04-12,newjersey,1
2020-04-19,newjersey,1
2020-04-26,newjersey,1
2020-05-03,newjersey,1
2020-05-10,newjersey,1
2020-05-17,newjersey,1
2020-05-24,newjersey,1
2020-05-31,newjersey,1
2020-06-07,newjersey,1
2020-06-14,newjersey,1
2020-06-21,newjersey,1
2020-06-28,newjersey,1
2020-07-05,newjersey,1
2020-07-12,newjersey,1
2020-07-19,newjersey,1
2020-07-26,newjersey,1
2020-08-02,newjersey,1
2020-08-09,newjersey,1
2020-08-16,newjersey,1
2020-08-23,newjersey,1
2020-08-30,newjersey,1
2020-09-06,newjersey,1
2020-09-13,newjersey,1
2020-09-20,newjersey,1
2020-09-27,newjersey,1
2020-10-04,newjersey,1
2020-10-11,newjersey,1
2020-10-18,newjersey,1
2020-10-25,newjersey,1
2020-11-01,newjersey,1
2020-11-08,newjersey,1
2020-11-15,newjersey,1
2020-11-22,newjersey,1
2020-11-29,newjersey,1
2020-12-06,newjersey,1
2020-12-13,newjersey,1
2020-12-20,newjersey,1
2020-12-27,newjersey,1
2020-04-12,newmexico,0.999001996007984
2020-04-19,newmexico,0.999001996007984
2020-04-26,newmexico,0.999001996007984
2020-05-03,newmexico,0.999001996007984
2020-05-10,newmexico,0.999001996007984
2020-05-17,newmexico,0.999001996007984
2020-05-24,newmexico,0.999001996007984
2020-05-31,newmexico,0.999001996007984
2020-06-07,newmexico,0.999001996007984
2020-06-14,newmexico,0.999001996007984
2020-06-21,newmexico,0.999001996007984
2020-06-28,newmexico,0.999001996007984
2020-07-05,newmexico,0.999001996007984
2020-07-12,newmexico,0.999001996007984
2020-07-19,newmexico,0.999001996007984
2020-07-26,newmexico,0.999500998003992
2020-08-02,newmexico,0.999500998003992
2020-08-09,newmexico,0.999500998003992
2020-08-16,newmexico,0.999500998003992
2020-08-23,newmexico,0.999500998003992
2020-08-30,newmexico,0.999500998003992
2020-09-06,newmexico,0.999500998003992
2020-09-13,newmexico,0.999500998003992
2020-09-20,newmexico,1
2020-09-27,newmexico,1
2020-10-04,newmexico,1
2020-10-11,newmexico,1
2020-10-18,newmexico,1
2020-10-25,newmexico,1
2020-11-01,newmexico,1
2020-11-08,newmexico,1
2020-11-15,newmexico,1
2020-11-22,newmexico,1
2020-11-29,newmexico,1
2020-12-06,newmexico,1
2020-12-13,newmexico,1
2020-12-20,newmexico,1
2020-12-27,newmexico,1
2020-04-12,newyork,1
2020-04-19,newyork,1
2020-04-26,newyork,1
2020-05-03,newyork,1
2020-05-10,newyork,1
2020-05-17,newyork,1
2020-05-24,newyork,1
2020-05-31,newyork,1
2020-06-07,newyork,1
2020-06-14,newyork,1
2020-06-21,newyork,1
2020-06-28,newyork,1
2020-07-05,newyork,1
2020-07-12,newyork,1
2020-07-19,newyork,1
2020-07-26,newyork,1
2020-08-02,newyork,1
2020-08-09,newyork,1
2020-08-16,newyork,1
2020-08-23,newyork,1
2020-08-30,newyork,1
2020-09-06,newyork,1
2020-09-13,newyork,1
2020-09-20,newyork,1
2020-09-27,newyork,1
2020-10-04,newyork,1
2020-10-11,newyork,1
2020-10-18,newyork,1
2020-10-25,newyork,1
2020-11-01,newyork,1
2020-11-08,newyork,1
2020-11-15,newyork,1
2020-11-22,newyork,1
2020-11-29,newyork,1
2020-12-06,newyork,1
2020-12-13,newyork,1
2020-12-20,newyork,1
2020-12-27,newyork,1
2020-04-12,northcarolina,0.999500998003992
2020-04-19,northcarolina,0.999500998003992
2020-04-26,northcarolina,0.999500998003992
2020-05-03,northcarolina,0.999500998003992
2020-05-10,northcarolina,0.999500998003992
2020-05-17,northcarolina,0.999500998003992
2020-05-24,northcarolina,0.999500998003992
2020-05-31,northcarolina,0.999500998003992
2020-06-07,northcarolina,0.999500998003992
2020-06-14,northcarolina,0.999500998003992
2020-06-21,northcarolina,0.999500998003992
2020-06-28,northcarolina,0.999500998003992
2020-07-05,northcarolina,0.999500998003992
2020-07-12,northcarolina,0.999500998003992
2020-07-19,northcarolina,0.999500998003992
2020-07-26,northcarolina,0.999500998003992
2020-08-02,northcarolina,0.999500998003992
2020-08-09,northcarolina,0.999500998003992
2020-08-16,northcarolina,0.999500998003992
2020-08-23,northcarolina,0.999500998003992
2020-08-30,northcarolina,1
2020-09-06,northcarolina,1
2020-09-13,northcarolina,1
2020-09-20,northcarolina,1
2020-09-27,northcarolina,1
2020-10-04,northcarolina,1
2020-10-11,northcarolina,1
2020-10-18,northcarolina,1
2020-10-25,northcarolina,1
2020-11-01,northcarolina,1
2020-11-08,northcarolina,1
2020-11-15,northcarolina,1
2020-11-22,northcarolina,1
2020-11-29,northcarolina,1
2020-12-06,northcarolina,1
2020-12-13,northcarolina,1
2020-12-20,northcarolina,1
2020-12-27,northcarolina,1
2020-04-12,northdakota,0.999001996007984
2020-04-19,northdakota,0.999001996007984
2020-04-26,northdakota,0.999001996007984
2020-05-03,northdakota,0.999001996007984
2020-05-10,northdakota,0.999001996007984
2020-05-17,northdakota,0.999001996007984
2020-05-24,northdakota,0.999001996007984
2020-05-31,northdakota,0.999001996007984
2020-06-07,northdakota,0.999001996007984
2020-06-14,northdakota,0.999001996007984
2020-06-21,northdakota,0.999001996007984
2020-06-28,northdakota,0.999001996007984
2020-07-05,northdakota,0.999001996007984
2020-07-12,northdakota,0.999001996007984
2020-07-19,northdakota,0.999001996007984
2020-07-26,northdakota,0.999001996007984
2020-08-02,northdakota,0.999001996007984
2020-08-09,northdakota,0.999001996007984
2020-08-16,northdakota,0.999001996007984
2020-08-23,northdakota,0.999001996007984
2020-08-30,northdakota,0.999001996007984
2020-09-06,northdakota,0.999500998003992
2020-09-13,northdakota,1
2020-09-20,northdakota,1
2020-09-27,northdakota,1
2020-10-04,northdakota,1
2020-10-11,northdakota,1
2020-10-18,northdakota,1
2020-10-25,northdakota,1
2020-11-01,northdakota,1
2020-11-08,northdakota,1
2020-11-15,northdakota,1
2020-11-22,northdakota,1
2020-11-29,northdakota,1
2020-12-06,northdakota,1
2020-12-13,northdakota,1
2020-12-20,northdakota,1
2020-12-27,northdakota,1
2020-04-12,ohio,1
2020-04-19,ohio,1
2020-04-26,ohio,1
2020-05-03,ohio,1
2020-05-10,ohio,1
2020-05-17,ohio,1
2020-05-24,ohio,1
2020-05-31,ohio,1
2020-06-07,ohio,1
2020-06-14,ohio,1
2020-06-21,ohio,1
2020-06-28,ohio,1
2020-07-05,ohio,1
2020-07-12,ohio,1
2020-07-19,ohio,1
2020-07-26,ohio,1
2020-08-02,ohio,1
2020-08-09,ohio,1
2020-08-16,ohio,1
2020-08-23,ohio,1
2020-08-30,ohio,1
2020-09-06,ohio,1
2020-09-13,ohio,1
2020-09-20,ohio,1
2020-09-27,ohio,1
2020-10-04,ohio,1
2020-10-11,ohio,1
2020-10-18,ohio,1
2020-10-25,ohio,1
2020-11-01,ohio,1
2020-11-08,ohio,1
2020-11-15,ohio,1
2020-11-22,ohio,1
2020-11-29,ohio,1
2020-12-06,ohio,1
2020-12-13,ohio,1
2020-12-20,ohio,1
2020-12-27,ohio,1
2020-04-12,oklahoma,0.872754491017964
2020-04-19,oklahoma,0.872754491017964
2020-04-26,oklahoma,0.872754491017964
2020-05-03,oklahoma,0.872754491017964
2020-05-10,oklahoma,0.872754491017964
2020-05-17,oklahoma,0.872754491017964
2020-05-24,oklahoma,0.872754491017964
2020-05-31,oklahoma,0.872754491017964
2020-06-07,oklahoma,0.872754491017964
2020-06-14,oklahoma,0.872754491017964
2020-06-21,oklahoma,0.872754491017964
2020-06-28,oklahoma,0.872754491017964
2020-07-05,oklahoma,0.872754491017964
2020-07-12,oklahoma,0.875249500998004
2020-07-19,oklahoma,0.885728542914172
2020-07-26,oklahoma,0.897704590818363
2020-08-02,oklahoma,0.907684630738523
2020-08-09,oklahoma,0.922654690618763
2020-08-16,oklahoma,0.934630738522954
2020-08-23,oklahoma,0.947105788423154
2020-08-30,oklahoma,0.961077844311377
2020-09-06,oklahoma,0.970558882235529
2020-09-13,oklahoma,0.978043912175649
2020-09-20,oklahoma,0.980538922155689
2020-09-27,oklahoma,0.986027944111776
2020-10-04,oklahoma,0.989520958083832
2020-10-11,oklahoma,0.994011976047904
2020-10-18,oklahoma,0.99500998003992
2020-10-25,oklahoma,0.996007984031936
2020-11-01,oklahoma,0.99750499001996
2020-11-08,oklahoma,0.998502994011976
2020-11-15,oklahoma,0.999001996007984
2020-11-22,oklahoma,0.999500998003992
2020-11-29,oklahoma,1
2020-12-06,oklahoma,1
2020-12-13,oklahoma,1
2020-12-20,oklahoma,1
2020-12-27,oklahoma,1
2020-04-12,oregon,1
2020-04-19,oregon,1
2020-04-26,oregon,1
2020-05-03,oregon,1
2020-05-10,oregon,1
2020-05-17,oregon,1
2020-05-24,oregon,1
2020-05-31,oregon,1
2020-06-07,oregon,1
2020-06-14,oregon,1
2020-06-21,oregon,1
2020-06-28,oregon,1
2020-07-05,oregon,1
2020-07-12,oregon,1
2020-07-19,oregon,1
2020-07-26,oregon,1
2020-08-02,oregon,1
2020-08-09,oregon,1
2020-08-16,oregon,1
2020-08-23,oregon,1
2020-08-30,oregon,1
2020-09-06,oregon,1
2020-09-13,oregon,1
2020-09-20,oregon,1
2020-09-27,oregon,1
2020-10-04,oregon,1
2020-10-11,oregon,1
2020-10-18,oregon,1
2020-10-25,oregon,1
2020-11-01,oregon,1
2020-11-08,oregon,1
2020-11-15,oregon,1
2020-11-22,oregon,1
2020-11-29,oregon,1
2020-12-06,oregon,1
2020-12-13,oregon,1
2020-12-20,oregon,1
2020-12-27,oregon,1
2020-04-12,pennsylvania,1
2020-04-19,pennsylvania,1
2020-04-26,pennsylvania,1
2020-05-03,pennsylvania,1
2020-05-10,pennsylvania,1
2020-05-17,pennsylvania,1
2020-05-24,pennsylvania,1
2020-05-31,pennsylvania,1
2020-06-07,pennsylvania,1
2020-06-14,pennsylvania,1
2020-06-21,pennsylvania,1
2020-06-28,pennsylvania,1
2020-07-05,pennsylvania,1
2020-07-12,pennsylvania,1
2020-07-19,pennsylvania,1
2020-07-26,pennsylvania,1
2020-08-02,pennsylvania,1
2020-08-09,pennsylvania,1
2020-08-16,pennsylvania,1
2020-08-23,pennsylvania,1
2020-08-30,pennsylvania,1
2020-09-06,pennsylvania,1
2020-09-13,pennsylvania,1
2020-09-20,pennsylvania,1
2020-09-27,pennsylvania,1
2020-10-04,pennsylvania,1
2020-10-11,pennsylvania,1
2020-10-18,pennsylvania,1
2020-10-25,pennsylvania,1
2020-11-01,pennsylvania,1
2020-11-08,pennsylvania,1
2020-11-15,pennsylvania,1
2020-11-22,pennsylvania,1
2020-11-29,pennsylvania,1
2020-12-06,pennsylvania,1
2020-12-13,pennsylvania,1
2020-12-20,pennsylvania,1
2020-12-27,pennsylvania,1
2020-04-12,puertorico,0.992015968063872
2020-04-19,puertorico,0.992015968063872
2020-04-26,puertorico,0.992015968063872
2020-05-03,puertorico,0.992015968063872
2020-05-10,puertorico,0.992015968063872
2020-05-17,puertorico,0.992015968063872
2020-05-24,puertorico,0.992015968063872
2020-05-31,puertorico,0.992015968063872
2020-06-07,puertorico,0.992015968063872
2020-06-14,puertorico,0.992015968063872
2020-06-21,puertorico,0.992015968063872
2020-06-28,puertorico,0.992015968063872
2020-07-05,puertorico,0.992015968063872
2020-07-12,puertorico,0.99251497005988
2020-07-19,puertorico,0.99251497005988
2020-07-26,puertorico,0.99251497005988
2020-08-02,puertorico,0.993013972055888
2020-08-09,puertorico,0.993013972055888
2020-08-16,puertorico,0.993512974051896
2020-08-23,puertorico,0.996007984031936
2020-08-30,puertorico,0.997005988023952
2020-09-06,puertorico,0.998003992015968
2020-09-13,puertorico,0.998003992015968
2020-09-20,puertorico,0.998502994011976
2020-09-27,puertorico,0.999001996007984
2020-10-04,puertorico,0.999001996007984
2020-10-11,puertorico,0.999001996007984
2020-10-18,puertorico,0.999001996007984
2020-10-25,puertorico,0.999500998003992
2020-11-01,puertorico,0.999500998003992
2020-11-08,puertorico,0.999500998003992
2020-11-15,puertorico,0.999500998003992
2020-11-22,puertorico,1
2020-11-29,puertorico,1
2020-12-06,puertorico,1
2020-12-13,puertorico,1
2020-12-20,puertorico,1
2020-12-27,puertorico,1
2020-04-12,rhodeisland,1
2020-04-19,rhodeisland,1
2020-04-26,rhodeisland,1
2020-05-03,rhodeisland,1
2020-05-10,rhodeisland,1
2020-05-17,rhodeisland,1
2020-05-24,rhodeisland,1
2020-05-31,rhodeisland,1
2020-06-07,rhodeisland,1
2020-06-14,rhodeisland,1
2020-06-21,rhodeisland,1
2020-06-28,rhodeisland,1
2020-07-05,rhodeisland,1
2020-07-12,rhodeisland,1
2020-07-19,rhodeisland,1
2020-07-26,rhodeisland,1
2020-08-02,rhodeisland,1
2020-08-09,rhodeisland,1
2020-08-16,rhodeisland,1
2020-08-23,rhodeisland,1
2020-08-30,rhodeisland,1
2020-09-06,rhodeisland,1
2020-09-13,rhodeisland,1
2020-09-20,rhodeisland,1
2020-09-27,rhodeisland,1
2020-10-04,rhodeisland,1
2020-10-11,rhodeisland,1
2020-10-18,rhodeisland,1
2020-10-25,rhodeisland,1
2020-11-01,rhodeisland,1
2020-11-08,rhodeisland,1
2020-11-15,rhodeisland,1
2020-11-22,rhodeisland,1
2020-11-29,rhodeisland,1
2020-12-06,rhodeisland,1
2020-12-13,rhodeisland,1
2020-12-20,rhodeisland,1
2020-12-27,rhodeisland,1
2020-04-12,southcarolina,0.852295409181637
2020-04-19,southcarolina,0.852295409181637
2020-04-26,southcarolina,0.852295409181637
2020-05-03,southcarolina,0.852295409181637
2020-05-10,southcarolina,0.852295409181637
2020-05-17,southcarolina,0.852295409181637
2020-05-24,southcarolina,0.852295409181637
2020-05-31,southcarolina,0.852295409181637
2020-06-07,southcarolina,0.852295409181637
2020-06-14,southcarolina,0.852295409181637
2020-06-21,southcarolina,0.852295409181637
2020-06-28,southcarolina,0.852295409181637
2020-07-05,southcarolina,0.853293413173653
2020-07-12,southcarolina,0.859780439121757
2020-07-19,southcarolina,0.868263473053892
2020-07-26,southcarolina,0.883233532934132
2020-08-02,southcarolina,0.902694610778443
2020-08-09,southcarolina,0.92315369261477
2020-08-16,southcarolina,0.94311377245509
2020-08-23,southcarolina,0.954590818363273
2020-08-30,southcarolina,0.963073852295409
2020-09-06,southcarolina,0.974051896207585
2020-09-13,southcarolina,0.983033932135729
2020-09-20,southcarolina,0.986526946107784
2020-09-27,southcarolina,0.991516966067864
2020-10-04,southcarolina,0.993013972055888
2020-10-11,southcarolina,0.996007984031936
2020-10-18,southcarolina,0.997005988023952
2020-10-25,southcarolina,0.998003992015968
2020-11-01,southcarolina,0.998003992015968
2020-11-08,southcarolina,0.999001996007984
2020-11-15,southcarolina,0.999001996007984
2020-11-22,southcarolina,0.999500998003992
2020-11-29,southcarolina,1
2020-12-06,southcarolina,1
2020-12-13,southcarolina,1
2020-12-20,southcarolina,1
2020-12-27,southcarolina,1
2020-04-12,southdakota,1
2020-04-19,southdakota,1
2020-04-26,southdakota,1
2020-05-03,southdakota,1
2020-05-10,southdakota,1
2020-05-17,southdakota,1
2020-05-24,southdakota,1
2020-05-31,southdakota,1
2020-06-07,southdakota,1
2020-06-14,southdakota,1
2020-06-21,southdakota,1
2020-06-28,southdakota,1
2020-07-05,southdakota,1
2020-07-12,southdakota,1
2020-07-19,southdakota,1
2020-07-26,southdakota,1
2020-08-02,southdakota,1
2020-08-09,southdakota,1
2020-08-16,southdakota,1
2020-08-23,southdakota,1
2020-08-30,southdakota,1
2020-09-06,southdakota,1
2020-09-13,southdakota,1
2020-09-20,southdakota,1
2020-09-27,southdakota,1
2020-10-04,southdakota,1
2020-10-11,southdakota,1
2020-10-18,southdakota,1
2020-10-25,southdakota,1
2020-11-01,southdakota,1
2020-11-08,southdakota,1
2020-11-15,southdakota,1
2020-11-22,southdakota,1
2020-11-29,southdakota,1
2020-12-06,southdakota,1
2020-12-13,southdakota,1
2020-12-20,southdakota,1
2020-12-27,southdakota,1
2020-04-12,tennessee,0.99750499001996
2020-04-19,tennessee,0.99750499001996
2020-04-26,tennessee,0.99750499001996
2020-05-03,tennessee,0.99750499001996
2020-05-10,tennessee,0.99750499001996
2020-05-17,tennessee,0.99750499001996
2020-05-24,tennessee,0.99750499001996
2020-05-31,tennessee,0.99750499001996
2020-06-07,tennessee,0.99750499001996
2020-06-14,tennessee,0.99750499001996
2020-06-21,tennessee,0.99750499001996
2020-06-28,tennessee,0.99750499001996
2020-07-05,tennessee,0.99750499001996
2020-07-12,tennessee,0.99750499001996
2020-07-19,tennessee,0.998003992015968
2020-07-26,tennessee,0.998003992015968
2020-08-02,tennessee,0.998003992015968
2020-08-09,tennessee,0.998502994011976
2020-08-16,tennessee,0.998502994011976
2020-08-23,tennessee,0.998502994011976
2020-08-30,tennessee,0.998502994011976
2020-09-06,tennessee,0.999001996007984
2020-09-13,tennessee,0.999001996007984
2020-09-20,tennessee,0.999001996007984
2020-09-27,tennessee,0.999001996007984
2020-10-04,tennessee,0.999500998003992
2020-10-11,tennessee,0.999500998003992
2020-10-18,tennessee,0.999500998003992
2020-10-25,tennessee,0.999500998003992
2020-11-01,tennessee,0.999500998003992
2020-11-08,tennessee,1
2020-11-15,tennessee,1
2020-11-22,tennessee,1
2020-11-29,tennessee,1
2020-12-06,tennessee,1
2020-12-13,tennessee,1
2020-12-20,tennessee,1
2020-12-27,tennessee,1
2020-04-12,texas,0.935129740518962
2020-04-19,texas,0.935129740518962
2020-04-26,texas,0.935129740518962
2020-05-03,texas,0.935129740518962
2020-05-10,texas,0.935129740518962
2020-05-17,texas,0.935129740518962
2020-05-24,texas,0.935129740518962
2020-05-31,texas,0.935129740518962
2020-06-07,texas,0.935129740518962
2020-06-14,texas,0.935129740518962
2020-06-21,texas,0.935129740518962
2020-06-28,texas,0.935129740518962
2020-07-05,texas,0.935129740518962
2020-07-12,texas,0.937624750499002
2020-07-19,texas,0.939121756487026
2020-07-26,texas,0.942614770459082
2020-08-02,texas,0.949600798403194
2020-08-09,texas,0.956087824351297
2020-08-16,texas,0.964071856287425
2020-08-23,texas,0.971556886227545
2020-08-30,texas,0.978542914171657
2020-09-06,texas,0.983532934131737
2020-09-13,texas,0.987025948103792
2020-09-20,texas,0.990518962075848
2020-09-27,texas,0.994011976047904
2020-10-04,texas,0.995508982035928
2020-10-11,texas,0.99750499001996
2020-10-18,texas,0.99750499001996
2020-10-25,texas,0.998003992015968
2020-11-01,texas,0.998003992015968
2020-11-08,texas,0.999001996007984
2020-11-15,texas,0.999001996007984
2020-11-22,texas,0.999001996007984
2020-11-29,texas,0.999500998003992
2020-12-06,texas,0.999500998003992
2020-12-13,texas,1
2020-12-20,texas,1
2020-12-27,texas,1
2020-04-12,utah,0.950099800399202
2020-04-19,utah,0.950099800399202
2020-04-26,utah,0.950099800399202
2020-05-03,utah,0.950099800399202
2020-05-10,utah,0.950099800399202
2020-05-17,utah,0.950099800399202
2020-05-24,utah,0.950099800399202
2020-05-31,utah,0.950099800399202
2020-06-07,utah,0.950099800399202
2020-06-14,utah,0.950099800399202
2020-06-21,utah,0.950099800399202
2020-06-28,utah,0.950099800399202
2020-07-05,utah,0.950099800399202
2020-07-12,utah,0.951097804391218
2020-07-19,utah,0.95309381237525
2020-07-26,utah,0.957085828343313
2020-08-02,utah,0.962075848303393
2020-08-09,utah,0.967564870259481
2020-08-16,utah,0.973552894211577
2020-08-23,utah,0.976047904191617
2020-08-30,utah,0.980538922155689
2020-09-06,utah,0.98502994011976
2020-09-13,utah,0.99001996007984
2020-09-20,utah,0.99251497005988
2020-09-27,utah,0.99500998003992
2020-10-04,utah,0.996506986027944
2020-10-11,utah,0.99750499001996
2020-10-18,utah,0.99750499001996
2020-10-25,utah,0.998003992015968
2020-11-01,utah,0.999001996007984
2020-11-08,utah,0.999001996007984
2020-11-15,utah,1
2020-11-22,utah,1
2020-11-29,utah,1
2020-12-06,utah,1
2020-12-13,utah,1
2020-12-20,utah,1
2020-12-27,utah,1
2020-04-12,vermont,1
2020-04-19,vermont,1
2020-04-26,vermont,1
2020-05-03,vermont,1
2020-05-10,vermont,1
2020-05-17,vermont,1
2020-05-24,vermont,1
2020-05-31,vermont,1
2020-06-07,vermont,1
2020-06-14,vermont,1
2020-06-21,vermont,1
2020-06-28,vermont,1
2020-07-05,vermont,1
2020-07-12,vermont,1
2020-07-19,vermont,1
2020-07-26,vermont,1
2020-08-02,vermont,1
2020-08-09,vermont,1
2020-08-16,vermont,1
2020-08-23,vermont,1
2020-08-30,vermont,1
2020-09-06,vermont,1
2020-09-13,vermont,1
2020-09-20,vermont,1
2020-09-27,vermont,1
2020-10-04,vermont,1
2020-10-11,vermont,1
2020-10-18,vermont,1
2020-10-25,vermont,1
2020-11-01,vermont,1
2020-11-08,vermont,1
2020-11-15,vermont,1
2020-11-22,vermont,1
2020-11-29,vermont,1
2020-12-06,vermont,1
2020-12-13,vermont,1
2020-12-20,vermont,1
2020-12-27,vermont,1
2020-04-12,virginia,0.999500998003992
2020-04-19,virginia,0.999500998003992
2020-04-26,virginia,0.999500998003992
2020-05-03,virginia,0.999500998003992
2020-05-10,virginia,0.999500998003992
2020-05-17,virginia,0.999500998003992
2020-05-24,virginia,0.999500998003992
2020-05-31,virginia,0.999500998003992
2020-06-07,virginia,0.999500998003992
2020-06-14,virginia,0.999500998003992
2020-06-21,virginia,0.999500998003992
2020-06-28,virginia,0.999500998003992
2020-07-05,virginia,0.999500998003992
2020-07-12,virginia,0.999500998003992
2020-07-19,virginia,0.999500998003992
2020-07-26,virginia,0.999500998003992
2020-08-02,virginia,0.999500998003992
2020-08-09,virginia,0.999500998003992
2020-08-16,virginia,0.999500998003992
2020-08-23,virginia,1
2020-08-30,virginia,1
2020-09-06,virginia,1
2020-09-13,virginia,1
2020-09-20,virginia,1
2020-09-27,virginia,1
2020-10-04,virginia,1
2020-10-11,virginia,1
2020-10-18,virginia,1
2020-10-25,virginia,1
2020-11-01,virginia,1
2020-11-08,virginia,1
2020-11-15,virginia,1
2020-11-22,virginia,1
2020-11-29,virginia,1
2020-12-06,virginia,1
2020-12-13,virginia,1
2020-12-20,virginia,1
2020-12-27,virginia,1
2020-04-12,virginislands,1
2020-04-19,virginislands,1
2020-04-26,virginislands,1
2020-05-03,virginislands,1
2020-05-10,virginislands,1
2020-05-17,virginislands,1
2020-05-24,virginislands,1
2020-05-31,virginislands,1
2020-06-07,virginislands,1
2020-06-14,virginislands,1
2020-06-21,virginislands,1
2020-06-28,virginislands,1
2020-07-05,virginislands,1
2020-07-12,virginislands,1
2020-07-19,virginislands,1
2020-07-26,virginislands,1
2020-08-02,virginislands,1
2020-08-09,virginislands,1
2020-08-16,virginislands,1
2020-08-23,virginislands,1
2020-08-30,virginislands,1
2020-09-06,virginislands,1
2020-09-13,virginislands,1
2020-09-20,virginislands,1
2020-09-27,virginislands,1
2020-10-04,virginislands,1
2020-10-11,virginislands,1
2020-10-18,virginislands,1
2020-10-25,virginislands,1
2020-11-01,virginislands,1
2020-11-08,virginislands,1
2020-11-15,virginislands,1
2020-11-22,virginislands,1
2020-11-29,virginislands,1
2020-12-06,virginislands,1
2020-12-13,virginislands,1
2020-12-20,virginislands,1
2020-12-27,virginislands,1
2020-04-12,washington,0.999500998003992
2020-04-19,washington,0.999500998003992
2020-04-26,washington,0.999500998003992
2020-05-03,washington,0.999500998003992
2020-05-10,washington,0.999500998003992
2020-05-17,washington,0.999500998003992
2020-05-24,washington,0.999500998003992
2020-05-31,washington,0.999500998003992
2020-06-07,washington,0.999500998003992
2020-06-14,washington,0.999500998003992
2020-06-21,washington,0.999500998003992
2020-06-28,washington,0.999500998003992
2020-07-05,washington,0.999500998003992
2020-07-12,washington,0.999500998003992
2020-07-19,washington,0.999500998003992
2020-07-26,washington,0.999500998003992
2020-08-02,washington,0.999500998003992
2020-08-09,washington,0.999500998003992
2020-08-16,washington,1
2020-08-23,washington,1
2020-08-30,washington,1
2020-09-06,washington,1
2020-09-13,washington,1
2020-09-20,washington,1
2020-09-27,washington,1
2020-10-04,washington,1
2020-10-11,washington,1
2020-10-18,washington,1
2020-10-25,washington,1
2020-11-01,washington,1
2020-11-08,washington,1
2020-11-15,washington,1
2020-11-22,washington,1
2020-11-29,washington,1
2020-12-06,washington,1
2020-12-13,washington,1
2020-12-20,washington,1
2020-12-27,washington,1
2020-04-12,westvirginia,0.998003992015968
2020-04-19,westvirginia,0.998003992015968
2020-04-26,westvirginia,0.998003992015968
2020-05-03,westvirginia,0.998003992015968
2020-05-10,westvirginia,0.998003992015968
2020-05-17,westvirginia,0.998003992015968
2020-05-24,westvirginia,0.998003992015968
2020-05-31,westvirginia,0.998003992015968
2020-06-07,westvirginia,0.998003992015968
2020-06-14,westvirginia,0.998003992015968
2020-06-21,westvirginia,0.998003992015968
2020-06-28,westvirginia,0.998003992015968
2020-07-05,westvirginia,0.998003992015968
2020-07-12,westvirginia,0.998003992015968
2020-07-19,westvirginia,0.998003992015968
2020-07-26,westvirginia,0.998003992015968
2020-08-02,westvirginia,0.998003992015968
2020-08-09,westvirginia,0.998003992015968
2020-08-16,westvirginia,0.998003992015968
2020-08-23,westvirginia,0.998003992015968
2020-08-30,westvirginia,0.998003992015968
2020-09-06,westvirginia,0.998502994011976
2020-09-13,westvirginia,0.998502994011976
2020-09-20,westvirginia,0.998502994011976
2020-09-27,westvirginia,0.998502994011976
2020-10-04,westvirginia,0.998502994011976
2020-10-11,westvirginia,0.998502994011976
2020-10-18,westvirginia,0.999001996007984
2020-10-25,westvirginia,0.999500998003992
2020-11-01,westvirginia,0.999500998003992
2020-11-08,westvirginia,0.999500998003992
2020-11-15,westvirginia,0.999500998003992
2020-11-22,westvirginia,1
2020-11-29,westvirginia,1
2020-12-06,westvirginia,1
2020-12-13,westvirginia,1
2020-12-20,westvirginia,1
2020-12-27,westvirginia,1
2020-04-12,wisconsin,0.99750499001996
2020-04-19,wisconsin,0.99750499001996
2020-04-26,wisconsin,0.99750499001996
2020-05-03,wisconsin,0.99750499001996
2020-05-10,wisconsin,0.99750499001996
2020-05-17,wisconsin,0.99750499001996
2020-05-24,wisconsin,0.99750499001996
2020-05-31,wisconsin,0.99750499001996
2020-06-07,wisconsin,0.99750499001996
2020-06-14,wisconsin,0.99750499001996
2020-06-21,wisconsin,0.99750499001996
2020-06-28,wisconsin,0.99750499001996
2020-07-05,wisconsin,0.99750499001996
2020-07-12,wisconsin,0.99750499001996
2020-07-19,wisconsin,0.99750499001996
2020-07-26,wisconsin,0.998003992015968
2020-08-02,wisconsin,0.998003992015968
2020-08-09,wisconsin,0.998003992015968
2020-08-16,wisconsin,0.998502994011976
2020-08-23,wisconsin,0.998502994011976
2020-08-30,wisconsin,0.998502994011976
2020-09-06,wisconsin,0.999500998003992
2020-09-13,wisconsin,0.999500998003992
2020-09-20,wisconsin,0.999500998003992
2020-09-27,wisconsin,0.999500998003992
2020-10-04,wisconsin,0.999500998003992
2020-10-11,wisconsin,0.999500998003992
2020-10-18,wisconsin,1
2020-10-25,wisconsin,1
2020-11-01,wisconsin,1
2020-11-08,wisconsin,1
2020-11-15,wisconsin,1
2020-11-22,wisconsin,1
2020-11-29,wisconsin,1
2020-12-06,wisconsin,1
2020-12-13,wisconsin,1
2020-12-20,wisconsin,1
2020-12-27,wisconsin,1
2020-04-12,wyoming,0.99750499001996
2020-04-19,wyoming,0.99750499001996
2020-04-26,wyoming,0.99750499001996
2020-05-03,wyoming,0.99750499001996
2020-05-10,wyoming,0.99750499001996
2020-05-17,wyoming,0.99750499001996
2020-05-24,wyoming,0.99750499001996
2020-05-31,wyoming,0.99750499001996
2020-06-07,wyoming,0.99750499001996
2020-06-14,wyoming,0.99750499001996
2020-06-21,wyoming,0.99750499001996
2020-06-28,wyoming,0.99750499001996
2020-07-05,wyoming,0.99750499001996
2020-07-12,wyoming,0.99750499001996
2020-07-19,wyoming,0.99750499001996
2020-07-26,wyoming,0.99750499001996
2020-08-02,wyoming,0.998003992015968
2020-08-09,wyoming,0.998003992015968
2020-08-16,wyoming,0.998003992015968
2020-08-23,wyoming,0.998003992015968
2020-08-30,wyoming,0.998003992015968
2020-09-06,wyoming,0.998003992015968
2020-09-13,wyoming,0.998003992015968
2020-09-20,wyoming,0.998003992015968
2020-09-27,wyoming,0.998502994011976
2020-10-04,wyoming,0.998502994011976
2020-10-11,wyoming,0.999500998003992
2020-10-18,wyoming,0.999500998003992
2020-10-25,wyoming,0.999500998003992
2020-11-01,wyoming,0.999500998003992
2020-11-08,wyoming,1
2020-11-15,wyoming,1
2020-11-22,wyoming,1
2020-11-29,wyoming,1
2020-12-06,wyoming,1
2020-12-13,wyoming,1
2020-12-20,wyoming,1
2020-12-27,wyoming,1
