weekdate,simple_countries,cumulative_prob
2020-03-15,albania,0
2020-03-22,albania,0
2020-03-29,albania,0
2020-04-05,albania,0
2020-04-12,albania,0
2020-04-19,albania,0
2020-04-26,albania,0.294455544455544
2020-05-03,albania,0.485264735264735
2020-05-10,albania,0.61038961038961
2020-05-17,albania,0.70004995004995
2020-05-24,albania,0.771978021978022
2020-05-31,albania,0.835914085914086
2020-06-07,albania,0.873876123876124
2020-06-14,albania,0.901598401598402
2020-06-21,albania,0.923076923076923
2020-06-28,albania,0.944805194805195
2020-07-05,albania,0.958291708291708
2020-07-12,albania,0.966783216783217
2020-07-19,albania,0.974025974025974
2020-07-26,albania,0.98001998001998
2020-08-02,albania,0.985264735264735
2020-08-09,albania,0.989510489510489
2020-08-16,albania,0.992507492507493
2020-08-23,albania,0.993756243756244
2020-08-30,albania,0.995254745254745
2020-09-06,albania,0.995254745254745
2020-09-13,albania,0.997502497502498
2020-09-20,albania,0.998751248751249
2020-09-27,albania,0.999000999000999
2020-10-04,albania,0.999250749250749
2020-10-11,albania,1
2020-10-18,albania,1
2020-10-25,albania,1
2020-11-01,albania,1
2020-03-15,andorra,0
2020-03-22,andorra,0
2020-03-29,andorra,0.635364635364635
2020-04-05,andorra,0.635364635364635
2020-04-12,andorra,0.635364635364635
2020-04-19,andorra,0.635364635364635
2020-04-26,andorra,0.635364635364635
2020-05-03,andorra,0.740759240759241
2020-05-10,andorra,0.822427572427572
2020-05-17,andorra,0.873876123876124
2020-05-24,andorra,0.915834165834166
2020-05-31,andorra,0.94030969030969
2020-06-07,andorra,0.956793206793207
2020-06-14,andorra,0.970529470529471
2020-06-21,andorra,0.977522477522477
2020-06-28,andorra,0.983016983016983
2020-07-05,andorra,0.987012987012987
2020-07-12,andorra,0.990759240759241
2020-07-19,andorra,0.992507492507493
2020-07-26,andorra,0.993756243756244
2020-08-02,andorra,0.995004995004995
2020-08-09,andorra,0.996253746253746
2020-08-16,andorra,0.996503496503496
2020-08-23,andorra,0.997502497502498
2020-08-30,andorra,0.998251748251748
2020-09-06,andorra,0.999250749250749
2020-09-13,andorra,0.999250749250749
2020-09-20,andorra,0.999250749250749
2020-09-27,andorra,0.99975024975025
2020-10-04,andorra,1
2020-10-11,andorra,1
2020-10-18,andorra,1
2020-10-25,andorra,1
2020-11-01,andorra,1
2020-03-15,austria,0
2020-03-22,austria,0
2020-03-29,austria,1
2020-04-05,austria,1
2020-04-12,austria,1
2020-04-19,austria,1
2020-04-26,austria,1
2020-05-03,austria,1
2020-05-10,austria,1
2020-05-17,austria,1
2020-05-24,austria,1
2020-05-31,austria,1
2020-06-07,austria,1
2020-06-14,austria,1
2020-06-21,austria,1
2020-06-28,austria,1
2020-07-05,austria,1
2020-07-12,austria,1
2020-07-19,austria,1
2020-07-26,austria,1
2020-08-02,austria,1
2020-08-09,austria,1
2020-08-16,austria,1
2020-08-23,austria,1
2020-08-30,austria,1
2020-09-06,austria,1
2020-09-13,austria,1
2020-09-20,austria,1
2020-09-27,austria,1
2020-10-04,austria,1
2020-10-11,austria,1
2020-10-18,austria,1
2020-10-25,austria,1
2020-11-01,austria,1
2020-03-15,belarus,0
2020-03-22,belarus,0
2020-03-29,belarus,0
2020-04-05,belarus,0
2020-04-12,belarus,0
2020-04-19,belarus,0
2020-04-26,belarus,0.395854145854146
2020-05-03,belarus,0.437562437562438
2020-05-10,belarus,0.494755244755245
2020-05-17,belarus,0.570929070929071
2020-05-24,belarus,0.645354645354645
2020-05-31,belarus,0.705044955044955
2020-06-07,belarus,0.771978021978022
2020-06-14,belarus,0.821178821178821
2020-06-21,belarus,0.873376623376623
2020-06-28,belarus,0.90984015984016
2020-07-05,belarus,0.933316683316683
2020-07-12,belarus,0.951048951048951
2020-07-19,belarus,0.965284715284715
2020-07-26,belarus,0.976523476523477
2020-08-02,belarus,0.984015984015984
2020-08-09,belarus,0.988261738261738
2020-08-16,belarus,0.992507492507493
2020-08-23,belarus,0.994755244755245
2020-08-30,belarus,0.996753246753247
2020-09-06,belarus,0.998501498501498
2020-09-13,belarus,0.999500499500499
2020-09-20,belarus,0.99975024975025
2020-09-27,belarus,0.99975024975025
2020-10-04,belarus,0.99975024975025
2020-10-11,belarus,0.99975024975025
2020-10-18,belarus,1
2020-10-25,belarus,1
2020-11-01,belarus,1
2020-03-15,belgium,0
2020-03-22,belgium,0
2020-03-29,belgium,0
2020-04-05,belgium,0
2020-04-12,belgium,0
2020-04-19,belgium,0.925824175824176
2020-04-26,belgium,0.925824175824176
2020-05-03,belgium,0.927822177822178
2020-05-10,belgium,0.93981018981019
2020-05-17,belgium,0.955544455544456
2020-05-24,belgium,0.967282717282717
2020-05-31,belgium,0.978521478521479
2020-06-07,belgium,0.985764235764236
2020-06-14,belgium,0.990759240759241
2020-06-21,belgium,0.993506493506494
2020-06-28,belgium,0.995754245754246
2020-07-05,belgium,0.997752247752248
2020-07-12,belgium,0.998751248751249
2020-07-19,belgium,0.998751248751249
2020-07-26,belgium,0.999250749250749
2020-08-02,belgium,0.99975024975025
2020-08-09,belgium,1
2020-08-16,belgium,1
2020-08-23,belgium,1
2020-08-30,belgium,1
2020-09-06,belgium,1
2020-09-13,belgium,1
2020-09-20,belgium,1
2020-09-27,belgium,1
2020-10-04,belgium,1
2020-10-11,belgium,1
2020-10-18,belgium,1
2020-10-25,belgium,1
2020-11-01,belgium,1
2020-03-15,bosniaandherzegovina,0
2020-03-22,bosniaandherzegovina,0
2020-03-29,bosniaandherzegovina,0
2020-04-05,bosniaandherzegovina,0
2020-04-12,bosniaandherzegovina,0.728021978021978
2020-04-19,bosniaandherzegovina,0.728021978021978
2020-04-26,bosniaandherzegovina,0.728021978021978
2020-05-03,bosniaandherzegovina,0.834665334665335
2020-05-10,bosniaandherzegovina,0.898101898101898
2020-05-17,bosniaandherzegovina,0.933566433566433
2020-05-24,bosniaandherzegovina,0.954295704295704
2020-05-31,bosniaandherzegovina,0.967282717282717
2020-06-07,bosniaandherzegovina,0.98001998001998
2020-06-14,bosniaandherzegovina,0.985764235764236
2020-06-21,bosniaandherzegovina,0.99000999000999
2020-06-28,bosniaandherzegovina,0.993256743256743
2020-07-05,bosniaandherzegovina,0.995254745254745
2020-07-12,bosniaandherzegovina,0.996753246753247
2020-07-19,bosniaandherzegovina,0.997502497502497
2020-07-26,bosniaandherzegovina,0.998251748251748
2020-08-02,bosniaandherzegovina,0.998751248751249
2020-08-09,bosniaandherzegovina,0.999000999000999
2020-08-16,bosniaandherzegovina,0.999000999000999
2020-08-23,bosniaandherzegovina,0.999500499500499
2020-08-30,bosniaandherzegovina,0.99975024975025
2020-09-06,bosniaandherzegovina,0.99975024975025
2020-09-13,bosniaandherzegovina,0.99975024975025
2020-09-20,bosniaandherzegovina,0.99975024975025
2020-09-27,bosniaandherzegovina,1
2020-10-04,bosniaandherzegovina,1
2020-10-11,bosniaandherzegovina,1
2020-10-18,bosniaandherzegovina,1
2020-10-25,bosniaandherzegovina,1
2020-11-01,bosniaandherzegovina,1
2020-03-15,bulgaria,0
2020-03-22,bulgaria,0
2020-03-29,bulgaria,0
2020-04-05,bulgaria,0
2020-04-12,bulgaria,0
2020-04-19,bulgaria,0
2020-04-26,bulgaria,0.664835164835165
2020-05-03,bulgaria,0.721528471528472
2020-05-10,bulgaria,0.773476523476523
2020-05-17,bulgaria,0.816183816183816
2020-05-24,bulgaria,0.853146853146853
2020-05-31,bulgaria,0.880869130869131
2020-06-07,bulgaria,0.906843156843157
2020-06-14,bulgaria,0.925824175824176
2020-06-21,bulgaria,0.943306693306693
2020-06-28,bulgaria,0.956543456543456
2020-07-05,bulgaria,0.965784215784216
2020-07-12,bulgaria,0.973526473526474
2020-07-19,bulgaria,0.97977022977023
2020-07-26,bulgaria,0.984265734265734
2020-08-02,bulgaria,0.988011988011988
2020-08-09,bulgaria,0.991008991008991
2020-08-16,bulgaria,0.993256743256743
2020-08-23,bulgaria,0.995004995004995
2020-08-30,bulgaria,0.996003996003996
2020-09-06,bulgaria,0.997002997002997
2020-09-13,bulgaria,0.997752247752248
2020-09-20,bulgaria,0.998251748251748
2020-09-27,bulgaria,0.998751248751249
2020-10-04,bulgaria,0.998751248751249
2020-10-11,bulgaria,0.999500499500499
2020-10-18,bulgaria,0.999500499500499
2020-10-25,bulgaria,1
2020-11-01,bulgaria,1
2020-03-15,canada,0
2020-03-22,canada,0
2020-03-29,canada,0
2020-04-05,canada,0
2020-04-12,canada,0.764485514485515
2020-04-19,canada,0.764485514485515
2020-04-26,canada,0.764485514485515
2020-05-03,canada,0.792707292707293
2020-05-10,canada,0.842657342657343
2020-05-17,canada,0.887362637362637
2020-05-24,canada,0.923576423576424
2020-05-31,canada,0.945304695304695
2020-06-07,canada,0.95954045954046
2020-06-14,canada,0.971028971028971
2020-06-21,canada,0.980519480519481
2020-06-28,canada,0.987012987012987
2020-07-05,canada,0.990509490509491
2020-07-12,canada,0.994005994005994
2020-07-19,canada,0.996753246753247
2020-07-26,canada,0.998251748251748
2020-08-02,canada,0.998751248751249
2020-08-09,canada,0.999250749250749
2020-08-16,canada,0.999250749250749
2020-08-23,canada,0.999500499500499
2020-08-30,canada,1
2020-09-06,canada,1
2020-09-13,canada,1
2020-09-20,canada,1
2020-09-27,canada,1
2020-10-04,canada,1
2020-10-11,canada,1
2020-10-18,canada,1
2020-10-25,canada,1
2020-11-01,canada,1
2020-03-15,croatia,0
2020-03-22,croatia,0
2020-03-29,croatia,0
2020-04-05,croatia,0.823676323676324
2020-04-12,croatia,0.823676323676324
2020-04-19,croatia,0.823676323676324
2020-04-26,croatia,0.823676323676324
2020-05-03,croatia,0.894605394605395
2020-05-10,croatia,0.935314685314685
2020-05-17,croatia,0.961538461538461
2020-05-24,croatia,0.974525474525475
2020-05-31,croatia,0.983266733266733
2020-06-07,croatia,0.988261738261738
2020-06-14,croatia,0.992507492507493
2020-06-21,croatia,0.994505494505495
2020-06-28,croatia,0.996003996003996
2020-07-05,croatia,0.997002997002997
2020-07-12,croatia,0.998251748251748
2020-07-19,croatia,0.999250749250749
2020-07-26,croatia,0.9995004995005
2020-08-02,croatia,0.9995004995005
2020-08-09,croatia,0.99975024975025
2020-08-16,croatia,0.99975024975025
2020-08-23,croatia,0.99975024975025
2020-08-30,croatia,0.99975024975025
2020-09-06,croatia,0.99975024975025
2020-09-13,croatia,0.99975024975025
2020-09-20,croatia,1
2020-09-27,croatia,1
2020-10-04,croatia,1
2020-10-11,croatia,1
2020-10-18,croatia,1
2020-10-25,croatia,1
2020-11-01,croatia,1
2020-03-15,czechia,0
2020-03-22,czechia,0
2020-03-29,czechia,0
2020-04-05,czechia,0.978021978021978
2020-04-12,czechia,0.978021978021978
2020-04-19,czechia,0.978021978021978
2020-04-26,czechia,0.978021978021978
2020-05-03,czechia,0.980769230769231
2020-05-10,czechia,0.986013986013986
2020-05-17,czechia,0.989010989010989
2020-05-24,czechia,0.992757242757243
2020-05-31,czechia,0.995504495504495
2020-06-07,czechia,0.998251748251748
2020-06-14,czechia,0.998251748251748
2020-06-21,czechia,0.998251748251748
2020-06-28,czechia,0.998751248751249
2020-07-05,czechia,0.999250749250749
2020-07-12,czechia,0.999500499500499
2020-07-19,czechia,0.99975024975025
2020-07-26,czechia,0.99975024975025
2020-08-02,czechia,1
2020-08-09,czechia,1
2020-08-16,czechia,1
2020-08-23,czechia,1
2020-08-30,czechia,1
2020-09-06,czechia,1
2020-09-13,czechia,1
2020-09-20,czechia,1
2020-09-27,czechia,1
2020-10-04,czechia,1
2020-10-11,czechia,1
2020-10-18,czechia,1
2020-10-25,czechia,1
2020-11-01,czechia,1
2020-03-15,denmark,0
2020-03-22,denmark,0
2020-03-29,denmark,0
2020-04-05,denmark,0
2020-04-12,denmark,0.845154845154845
2020-04-19,denmark,0.845154845154845
2020-04-26,denmark,0.845154845154845
2020-05-03,denmark,0.857642357642358
2020-05-10,denmark,0.887862137862138
2020-05-17,denmark,0.910839160839161
2020-05-24,denmark,0.930569430569431
2020-05-31,denmark,0.9498001998002
2020-06-07,denmark,0.962037962037962
2020-06-14,denmark,0.971778221778222
2020-06-21,denmark,0.979520479520479
2020-06-28,denmark,0.986013986013986
2020-07-05,denmark,0.99025974025974
2020-07-12,denmark,0.993006993006993
2020-07-19,denmark,0.995004995004995
2020-07-26,denmark,0.996753246753247
2020-08-02,denmark,0.997502497502498
2020-08-09,denmark,0.998251748251748
2020-08-16,denmark,0.999000999000999
2020-08-23,denmark,0.999250749250749
2020-08-30,denmark,0.99975024975025
2020-09-06,denmark,0.99975024975025
2020-09-13,denmark,0.99975024975025
2020-09-20,denmark,0.99975024975025
2020-09-27,denmark,0.99975024975025
2020-10-04,denmark,0.99975024975025
2020-10-11,denmark,1
2020-10-18,denmark,1
2020-10-25,denmark,1
2020-11-01,denmark,1
2020-03-15,estonia,0
2020-03-22,estonia,0
2020-03-29,estonia,0.902097902097902
2020-04-05,estonia,0.902097902097902
2020-04-12,estonia,0.902097902097902
2020-04-19,estonia,0.902097902097902
2020-04-26,estonia,0.902097902097902
2020-05-03,estonia,0.931318681318681
2020-05-10,estonia,0.951298701298701
2020-05-17,estonia,0.968031968031968
2020-05-24,estonia,0.979020979020979
2020-05-31,estonia,0.986263736263736
2020-06-07,estonia,0.988261738261738
2020-06-14,estonia,0.991258741258741
2020-06-21,estonia,0.993756243756244
2020-06-28,estonia,0.995254745254745
2020-07-05,estonia,0.996503496503496
2020-07-12,estonia,0.996753246753247
2020-07-19,estonia,0.997502497502498
2020-07-26,estonia,0.998501498501498
2020-08-02,estonia,0.998751248751249
2020-08-09,estonia,0.99975024975025
2020-08-16,estonia,0.99975024975025
2020-08-23,estonia,0.99975024975025
2020-08-30,estonia,1
2020-09-06,estonia,1
2020-09-13,estonia,1
2020-09-20,estonia,1
2020-09-27,estonia,1
2020-10-04,estonia,1
2020-10-11,estonia,1
2020-10-18,estonia,1
2020-10-25,estonia,1
2020-11-01,estonia,1
2020-03-15,finland,0
2020-03-22,finland,0
2020-03-29,finland,0
2020-04-05,finland,0.693056943056943
2020-04-12,finland,0.693056943056943
2020-04-19,finland,0.693056943056943
2020-04-26,finland,0.693056943056943
2020-05-03,finland,0.748251748251748
2020-05-10,finland,0.795454545454546
2020-05-17,finland,0.841658341658342
2020-05-24,finland,0.878371628371628
2020-05-31,finland,0.91033966033966
2020-06-07,finland,0.932567432567433
2020-06-14,finland,0.952547452547453
2020-06-21,finland,0.962287712287712
2020-06-28,finland,0.973526473526474
2020-07-05,finland,0.981018981018981
2020-07-12,finland,0.985014985014985
2020-07-19,finland,0.989010989010989
2020-07-26,finland,0.992757242757243
2020-08-02,finland,0.996003996003996
2020-08-09,finland,0.997002997002997
2020-08-16,finland,0.997502497502498
2020-08-23,finland,0.997752247752248
2020-08-30,finland,0.998251748251748
2020-09-06,finland,0.999000999000999
2020-09-13,finland,0.999000999000999
2020-09-20,finland,0.999250749250749
2020-09-27,finland,0.999250749250749
2020-10-04,finland,0.9995004995005
2020-10-11,finland,1
2020-10-18,finland,1
2020-10-25,finland,1
2020-11-01,finland,1
2020-03-15,france,0
2020-03-22,france,0
2020-03-29,france,0
2020-04-05,france,0
2020-04-12,france,0
2020-04-19,france,1
2020-04-26,france,1
2020-05-03,france,1
2020-05-10,france,1
2020-05-17,france,1
2020-05-24,france,1
2020-05-31,france,1
2020-06-07,france,1
2020-06-14,france,1
2020-06-21,france,1
2020-06-28,france,1
2020-07-05,france,1
2020-07-12,france,1
2020-07-19,france,1
2020-07-26,france,1
2020-08-02,france,1
2020-08-09,france,1
2020-08-16,france,1
2020-08-23,france,1
2020-08-30,france,1
2020-09-06,france,1
2020-09-13,france,1
2020-09-20,france,1
2020-09-27,france,1
2020-10-04,france,1
2020-10-11,france,1
2020-10-18,france,1
2020-10-25,france,1
2020-11-01,france,1
2020-03-15,germany,0
2020-03-22,germany,0
2020-03-29,germany,0.995004995004995
2020-04-05,germany,0.995004995004995
2020-04-12,germany,0.995004995004995
2020-04-19,germany,0.995004995004995
2020-04-26,germany,0.995004995004995
2020-05-03,germany,0.995004995004995
2020-05-10,germany,0.995004995004995
2020-05-17,germany,0.995254745254745
2020-05-24,germany,0.996253746253746
2020-05-31,germany,0.997252747252747
2020-06-07,germany,0.998751248751249
2020-06-14,germany,0.99975024975025
2020-06-21,germany,1
2020-06-28,germany,1
2020-07-05,germany,1
2020-07-12,germany,1
2020-07-19,germany,1
2020-07-26,germany,1
2020-08-02,germany,1
2020-08-09,germany,1
2020-08-16,germany,1
2020-08-23,germany,1
2020-08-30,germany,1
2020-09-06,germany,1
2020-09-13,germany,1
2020-09-20,germany,1
2020-09-27,germany,1
2020-10-04,germany,1
2020-10-11,germany,1
2020-10-18,germany,1
2020-10-25,germany,1
2020-11-01,germany,1
2020-03-15,greece,0
2020-03-22,greece,0
2020-03-29,greece,0
2020-04-05,greece,0
2020-04-12,greece,0
2020-04-19,greece,0
2020-04-26,greece,0.987512487512488
2020-05-03,greece,0.987762237762238
2020-05-10,greece,0.989010989010989
2020-05-17,greece,0.98951048951049
2020-05-24,greece,0.99025974025974
2020-05-31,greece,0.991508491508491
2020-06-07,greece,0.992757242757243
2020-06-14,greece,0.994755244755245
2020-06-21,greece,0.995004995004995
2020-06-28,greece,0.996253746253746
2020-07-05,greece,0.997252747252747
2020-07-12,greece,0.997502497502498
2020-07-19,greece,0.998251748251748
2020-07-26,greece,0.998501498501498
2020-08-02,greece,0.999250749250749
2020-08-09,greece,0.9995004995005
2020-08-16,greece,0.9995004995005
2020-08-23,greece,0.99975024975025
2020-08-30,greece,0.99975024975025
2020-09-06,greece,0.99975024975025
2020-09-13,greece,1
2020-09-20,greece,1
2020-09-27,greece,1
2020-10-04,greece,1
2020-10-11,greece,1
2020-10-18,greece,1
2020-10-25,greece,1
2020-11-01,greece,1
2020-03-15,hungary,0
2020-03-22,hungary,0
2020-03-29,hungary,0
2020-04-05,hungary,0
2020-04-12,hungary,0.648101898101898
2020-04-19,hungary,0.648101898101898
2020-04-26,hungary,0.648101898101898
2020-05-03,hungary,0.706293706293706
2020-05-10,hungary,0.761488511488512
2020-05-17,hungary,0.808941058941059
2020-05-24,hungary,0.850649350649351
2020-05-31,hungary,0.885614385614386
2020-06-07,hungary,0.911838161838162
2020-06-14,hungary,0.934565434565435
2020-06-21,hungary,0.952297702297702
2020-06-28,hungary,0.963286713286713
2020-07-05,hungary,0.972027972027972
2020-07-12,hungary,0.979520479520479
2020-07-19,hungary,0.986763236763237
2020-07-26,hungary,0.990509490509491
2020-08-02,hungary,0.993006993006993
2020-08-09,hungary,0.994755244755245
2020-08-16,hungary,0.996753246753247
2020-08-23,hungary,0.998251748251748
2020-08-30,hungary,0.9995004995005
2020-09-06,hungary,0.9995004995005
2020-09-13,hungary,0.99975024975025
2020-09-20,hungary,0.99975024975025
2020-09-27,hungary,0.99975024975025
2020-10-04,hungary,0.99975024975025
2020-10-11,hungary,1
2020-10-18,hungary,1
2020-10-25,hungary,1
2020-11-01,hungary,1
2020-03-15,ireland,0
2020-03-22,ireland,0
2020-03-29,ireland,0
2020-04-05,ireland,0
2020-04-12,ireland,0.871878121878122
2020-04-19,ireland,0.871878121878122
2020-04-26,ireland,0.871878121878122
2020-05-03,ireland,0.888361638361639
2020-05-10,ireland,0.910839160839161
2020-05-17,ireland,0.934815184815185
2020-05-24,ireland,0.954545454545454
2020-05-31,ireland,0.97052947052947
2020-06-07,ireland,0.981018981018981
2020-06-14,ireland,0.989010989010989
2020-06-21,ireland,0.993506493506493
2020-06-28,ireland,0.994255744255744
2020-07-05,ireland,0.995004995004995
2020-07-12,ireland,0.997752247752248
2020-07-19,ireland,0.998001998001998
2020-07-26,ireland,0.998251748251748
2020-08-02,ireland,0.999000999000999
2020-08-09,ireland,0.999000999000999
2020-08-16,ireland,0.999000999000999
2020-08-23,ireland,0.999250749250749
2020-08-30,ireland,0.99975024975025
2020-09-06,ireland,0.99975024975025
2020-09-13,ireland,0.99975024975025
2020-09-20,ireland,1
2020-09-27,ireland,1
2020-10-04,ireland,1
2020-10-11,ireland,1
2020-10-18,ireland,1
2020-10-25,ireland,1
2020-11-01,ireland,1
2020-03-15,italy,0
2020-03-22,italy,0.95004995004995
2020-03-29,italy,0.95004995004995
2020-04-05,italy,0.95004995004995
2020-04-12,italy,0.95004995004995
2020-04-19,italy,0.95004995004995
2020-04-26,italy,0.95004995004995
2020-05-03,italy,0.95004995004995
2020-05-10,italy,0.953796203796204
2020-05-17,italy,0.961538461538461
2020-05-24,italy,0.96978021978022
2020-05-31,italy,0.976773226773227
2020-06-07,italy,0.982267732267732
2020-06-14,italy,0.986513486513487
2020-06-21,italy,0.988761238761239
2020-06-28,italy,0.993256743256743
2020-07-05,italy,0.994755244755245
2020-07-12,italy,0.996503496503496
2020-07-19,italy,0.997252747252747
2020-07-26,italy,0.997752247752248
2020-08-02,italy,0.998251748251748
2020-08-09,italy,0.998501498501498
2020-08-16,italy,0.999000999000999
2020-08-23,italy,0.999000999000999
2020-08-30,italy,0.9995004995005
2020-09-06,italy,0.99975024975025
2020-09-13,italy,0.99975024975025
2020-09-20,italy,0.99975024975025
2020-09-27,italy,0.99975024975025
2020-10-04,italy,1
2020-10-11,italy,1
2020-10-18,italy,1
2020-10-25,italy,1
2020-11-01,italy,1
2020-03-15,lithuania,0
2020-03-22,lithuania,0
2020-03-29,lithuania,0
2020-04-05,lithuania,0
2020-04-12,lithuania,0
2020-04-19,lithuania,0.812437562437563
2020-04-26,lithuania,0.812437562437563
2020-05-03,lithuania,0.892607392607393
2020-05-10,lithuania,0.932317682317682
2020-05-17,lithuania,0.955294705294705
2020-05-24,lithuania,0.967782217782218
2020-05-31,lithuania,0.978271728271728
2020-06-07,lithuania,0.984515484515484
2020-06-14,lithuania,0.988511488511489
2020-06-21,lithuania,0.991508491508491
2020-06-28,lithuania,0.995254745254745
2020-07-05,lithuania,0.996253746253746
2020-07-12,lithuania,0.997252747252747
2020-07-19,lithuania,0.998251748251748
2020-07-26,lithuania,0.999000999000999
2020-08-02,lithuania,0.999250749250749
2020-08-09,lithuania,0.9995004995005
2020-08-16,lithuania,0.99975024975025
2020-08-23,lithuania,0.99975024975025
2020-08-30,lithuania,0.99975024975025
2020-09-06,lithuania,0.99975024975025
2020-09-13,lithuania,0.99975024975025
2020-09-20,lithuania,0.99975024975025
2020-09-27,lithuania,0.99975024975025
2020-10-04,lithuania,0.99975024975025
2020-10-11,lithuania,0.99975024975025
2020-10-18,lithuania,1
2020-10-25,lithuania,1
2020-11-01,lithuania,1
2020-03-15,luxembourg,0
2020-03-22,luxembourg,0
2020-03-29,luxembourg,0.867382617382617
2020-04-05,luxembourg,0.867382617382617
2020-04-12,luxembourg,0.867382617382617
2020-04-19,luxembourg,0.867382617382617
2020-04-26,luxembourg,0.867382617382617
2020-05-03,luxembourg,0.923576423576424
2020-05-10,luxembourg,0.954545454545454
2020-05-17,luxembourg,0.969030969030969
2020-05-24,luxembourg,0.979520479520479
2020-05-31,luxembourg,0.986263736263736
2020-06-07,luxembourg,0.99025974025974
2020-06-14,luxembourg,0.992257742257742
2020-06-21,luxembourg,0.994505494505495
2020-06-28,luxembourg,0.996253746253746
2020-07-05,luxembourg,0.997252747252747
2020-07-12,luxembourg,0.997752247752248
2020-07-19,luxembourg,0.998751248751249
2020-07-26,luxembourg,0.999000999000999
2020-08-02,luxembourg,0.999500499500499
2020-08-09,luxembourg,0.99975024975025
2020-08-16,luxembourg,0.99975024975025
2020-08-23,luxembourg,1
2020-08-30,luxembourg,1
2020-09-06,luxembourg,1
2020-09-13,luxembourg,1
2020-09-20,luxembourg,1
2020-09-27,luxembourg,1
2020-10-04,luxembourg,1
2020-10-11,luxembourg,1
2020-10-18,luxembourg,1
2020-10-25,luxembourg,1
2020-11-01,luxembourg,1
2020-03-15,moldova,0
2020-03-22,moldova,0
2020-03-29,moldova,0
2020-04-05,moldova,0
2020-04-12,moldova,0
2020-04-19,moldova,0.557192807192807
2020-04-26,moldova,0.557192807192807
2020-05-03,moldova,0.646853146853147
2020-05-10,moldova,0.718781218781219
2020-05-17,moldova,0.778221778221778
2020-05-24,moldova,0.825924075924076
2020-05-31,moldova,0.862637362637363
2020-06-07,moldova,0.894605394605395
2020-06-14,moldova,0.918581418581419
2020-06-21,moldova,0.938311688311688
2020-06-28,moldova,0.955044955044955
2020-07-05,moldova,0.965534465534466
2020-07-12,moldova,0.976523476523477
2020-07-19,moldova,0.981518481518482
2020-07-26,moldova,0.986763236763237
2020-08-02,moldova,0.989010989010989
2020-08-09,moldova,0.991508491508491
2020-08-16,moldova,0.993506493506493
2020-08-23,moldova,0.995754245754246
2020-08-30,moldova,0.996503496503496
2020-09-06,moldova,0.998251748251748
2020-09-13,moldova,0.998251748251748
2020-09-20,moldova,0.998751248751249
2020-09-27,moldova,0.998751248751249
2020-10-04,moldova,0.999000999000999
2020-10-11,moldova,0.999000999000999
2020-10-18,moldova,0.999500499500499
2020-10-25,moldova,1
2020-11-01,moldova,1
2020-03-15,netherlands,0
2020-03-22,netherlands,0
2020-03-29,netherlands,0
2020-04-05,netherlands,0
2020-04-12,netherlands,0.847652347652348
2020-04-19,netherlands,0.847652347652348
2020-04-26,netherlands,0.847652347652348
2020-05-03,netherlands,0.875374625374625
2020-05-10,netherlands,0.913086913086913
2020-05-17,netherlands,0.944055944055944
2020-05-24,netherlands,0.965034965034965
2020-05-31,netherlands,0.976773226773227
2020-06-07,netherlands,0.985014985014985
2020-06-14,netherlands,0.991258741258741
2020-06-21,netherlands,0.994755244755245
2020-06-28,netherlands,0.997252747252747
2020-07-05,netherlands,0.998251748251748
2020-07-12,netherlands,0.998751248751249
2020-07-19,netherlands,0.999250749250749
2020-07-26,netherlands,0.999250749250749
2020-08-02,netherlands,0.999250749250749
2020-08-09,netherlands,0.99975024975025
2020-08-16,netherlands,1
2020-08-23,netherlands,1
2020-08-30,netherlands,1
2020-09-06,netherlands,1
2020-09-13,netherlands,1
2020-09-20,netherlands,1
2020-09-27,netherlands,1
2020-10-04,netherlands,1
2020-10-11,netherlands,1
2020-10-18,netherlands,1
2020-10-25,netherlands,1
2020-11-01,netherlands,1
2020-03-15,northmacedonia,0
2020-03-22,northmacedonia,0
2020-03-29,northmacedonia,0
2020-04-05,northmacedonia,0
2020-04-12,northmacedonia,0
2020-04-19,northmacedonia,0.737512487512488
2020-04-26,northmacedonia,0.737512487512488
2020-05-03,northmacedonia,0.822927072927073
2020-05-10,northmacedonia,0.878121878121878
2020-05-17,northmacedonia,0.916833166833167
2020-05-24,northmacedonia,0.943556443556444
2020-05-31,northmacedonia,0.958541458541459
2020-06-07,northmacedonia,0.973026973026973
2020-06-14,northmacedonia,0.980519480519481
2020-06-21,northmacedonia,0.988261738261738
2020-06-28,northmacedonia,0.992507492507493
2020-07-05,northmacedonia,0.995504495504495
2020-07-12,northmacedonia,0.996753246753247
2020-07-19,northmacedonia,0.997752247752248
2020-07-26,northmacedonia,0.999000999000999
2020-08-02,northmacedonia,0.999000999000999
2020-08-09,northmacedonia,0.999250749250749
2020-08-16,northmacedonia,0.9995004995005
2020-08-23,northmacedonia,0.99975024975025
2020-08-30,northmacedonia,0.99975024975025
2020-09-06,northmacedonia,0.99975024975025
2020-09-13,northmacedonia,0.99975024975025
2020-09-20,northmacedonia,1
2020-09-27,northmacedonia,1
2020-10-04,northmacedonia,1
2020-10-11,northmacedonia,1
2020-10-18,northmacedonia,1
2020-10-25,northmacedonia,1
2020-11-01,northmacedonia,1
2020-03-15,norway,0
2020-03-22,norway,0
2020-03-29,norway,0.997752247752248
2020-04-05,norway,0.997752247752248
2020-04-12,norway,0.997752247752248
2020-04-19,norway,0.997752247752248
2020-04-26,norway,0.997752247752248
2020-05-03,norway,0.997752247752248
2020-05-10,norway,0.997752247752248
2020-05-17,norway,0.997752247752248
2020-05-24,norway,0.998001998001998
2020-05-31,norway,0.998751248751249
2020-06-07,norway,0.999000999000999
2020-06-14,norway,0.999250749250749
2020-06-21,norway,0.9995004995005
2020-06-28,norway,0.9995004995005
2020-07-05,norway,0.9995004995005
2020-07-12,norway,0.99975024975025
2020-07-19,norway,0.99975024975025
2020-07-26,norway,0.99975024975025
2020-08-02,norway,0.99975024975025
2020-08-09,norway,1
2020-08-16,norway,1
2020-08-23,norway,1
2020-08-30,norway,1
2020-09-06,norway,1
2020-09-13,norway,1
2020-09-20,norway,1
2020-09-27,norway,1
2020-10-04,norway,1
2020-10-11,norway,1
2020-10-18,norway,1
2020-10-25,norway,1
2020-11-01,norway,1
2020-03-15,poland,0
2020-03-22,poland,0
2020-03-29,poland,0
2020-04-05,poland,0
2020-04-12,poland,0
2020-04-19,poland,0
2020-04-26,poland,0.571178821178821
2020-05-03,poland,0.694305694305694
2020-05-10,poland,0.783216783216783
2020-05-17,poland,0.848901098901099
2020-05-24,poland,0.893606393606394
2020-05-31,poland,0.926573426573426
2020-06-07,poland,0.949050949050949
2020-06-14,poland,0.965784215784216
2020-06-21,poland,0.975524475524475
2020-06-28,poland,0.983266733266733
2020-07-05,poland,0.988511488511488
2020-07-12,poland,0.993256743256743
2020-07-19,poland,0.994755244755245
2020-07-26,poland,0.996253746253746
2020-08-02,poland,0.997752247752248
2020-08-09,poland,0.998751248751249
2020-08-16,poland,0.999000999000999
2020-08-23,poland,0.999500499500499
2020-08-30,poland,0.99975024975025
2020-09-06,poland,0.99975024975025
2020-09-13,poland,1
2020-09-20,poland,1
2020-09-27,poland,1
2020-10-04,poland,1
2020-10-11,poland,1
2020-10-18,poland,1
2020-10-25,poland,1
2020-11-01,poland,1
2020-03-15,portugal,0
2020-03-22,portugal,0
2020-03-29,portugal,0
2020-04-05,portugal,0
2020-04-12,portugal,0.913836163836164
2020-04-19,portugal,0.913836163836164
2020-04-26,portugal,0.913836163836164
2020-05-03,portugal,0.917082917082917
2020-05-10,portugal,0.924075924075924
2020-05-17,portugal,0.935064935064935
2020-05-24,portugal,0.948301698301698
2020-05-31,portugal,0.957042957042957
2020-06-07,portugal,0.963786213786214
2020-06-14,portugal,0.970779220779221
2020-06-21,portugal,0.977522477522477
2020-06-28,portugal,0.983016983016983
2020-07-05,portugal,0.986513486513486
2020-07-12,portugal,0.988261738261738
2020-07-19,portugal,0.991008991008991
2020-07-26,portugal,0.995004995004995
2020-08-02,portugal,0.996003996003996
2020-08-09,portugal,0.996253746253746
2020-08-16,portugal,0.997502497502498
2020-08-23,portugal,0.998751248751249
2020-08-30,portugal,0.999250749250749
2020-09-06,portugal,0.999500499500499
2020-09-13,portugal,0.999500499500499
2020-09-20,portugal,0.999500499500499
2020-09-27,portugal,0.99975024975025
2020-10-04,portugal,0.99975024975025
2020-10-11,portugal,0.99975024975025
2020-10-18,portugal,0.99975024975025
2020-10-25,portugal,1
2020-11-01,portugal,1
2020-03-15,romania,0
2020-03-22,romania,0
2020-03-29,romania,0
2020-04-05,romania,0
2020-04-12,romania,0.556693306693307
2020-04-19,romania,0.556693306693307
2020-04-26,romania,0.556693306693307
2020-05-03,romania,0.67957042957043
2020-05-10,romania,0.766233766233766
2020-05-17,romania,0.83016983016983
2020-05-24,romania,0.884115884115884
2020-05-31,romania,0.917832167832168
2020-06-07,romania,0.943306693306693
2020-06-14,romania,0.961538461538461
2020-06-21,romania,0.973526473526474
2020-06-28,romania,0.981268731268731
2020-07-05,romania,0.987262737262737
2020-07-12,romania,0.991508491508491
2020-07-19,romania,0.993756243756244
2020-07-26,romania,0.995254745254745
2020-08-02,romania,0.996003996003996
2020-08-09,romania,0.997502497502498
2020-08-16,romania,0.998251748251748
2020-08-23,romania,0.999250749250749
2020-08-30,romania,0.9995004995005
2020-09-06,romania,0.9995004995005
2020-09-13,romania,0.99975024975025
2020-09-20,romania,0.99975024975025
2020-09-27,romania,0.99975024975025
2020-10-04,romania,1
2020-10-11,romania,1
2020-10-18,romania,1
2020-10-25,romania,1
2020-11-01,romania,1
2020-03-15,russia,0
2020-03-22,russia,0
2020-03-29,russia,0
2020-04-05,russia,0
2020-04-12,russia,0
2020-04-19,russia,0
2020-04-26,russia,0
2020-05-03,russia,0.417332667332667
2020-05-10,russia,0.578921078921079
2020-05-17,russia,0.6998001998002
2020-05-24,russia,0.797202797202797
2020-05-31,russia,0.860639360639361
2020-06-07,russia,0.907092907092907
2020-06-14,russia,0.941808191808192
2020-06-21,russia,0.963536463536463
2020-06-28,russia,0.977022977022977
2020-07-05,russia,0.984265734265734
2020-07-12,russia,0.990759240759241
2020-07-19,russia,0.994255744255744
2020-07-26,russia,0.996753246753247
2020-08-02,russia,0.998251748251748
2020-08-09,russia,0.998751248751249
2020-08-16,russia,0.999250749250749
2020-08-23,russia,0.999250749250749
2020-08-30,russia,0.999250749250749
2020-09-06,russia,0.99975024975025
2020-09-13,russia,1
2020-09-20,russia,1
2020-09-27,russia,1
2020-10-04,russia,1
2020-10-11,russia,1
2020-10-18,russia,1
2020-10-25,russia,1
2020-11-01,russia,1
2020-03-15,sanmarino,0
2020-03-22,sanmarino,0
2020-03-29,sanmarino,0
2020-04-05,sanmarino,0
2020-04-12,sanmarino,0.450679105501441
2020-04-19,sanmarino,0.901358211002881
2020-04-26,sanmarino,0.901358211002881
2020-05-03,sanmarino,0.9216627795308
2020-05-10,sanmarino,0.941281382905748
2020-05-17,sanmarino,0.960076828097133
2020-05-24,sanmarino,0.972149814789409
2020-05-31,sanmarino,0.98202771299218
2020-06-07,sanmarino,0.98778982027713
2020-06-14,sanmarino,0.992179997256139
2020-06-21,sanmarino,0.994375085745644
2020-06-28,sanmarino,0.995472629990396
2020-07-05,sanmarino,0.996707367265743
2020-07-12,sanmarino,0.997667718479901
2020-07-19,sanmarino,0.998353683632871
2020-07-26,sanmarino,0.998628069694059
2020-08-02,sanmarino,0.998902455755248
2020-08-09,sanmarino,0.999451227877624
2020-08-16,sanmarino,0.999588420908218
2020-08-23,sanmarino,0.999862806969406
2020-08-30,sanmarino,0.999862806969406
2020-09-06,sanmarino,1
2020-09-13,sanmarino,1
2020-09-20,sanmarino,1
2020-09-27,sanmarino,1
2020-10-04,sanmarino,1
2020-10-11,sanmarino,1
2020-10-18,sanmarino,1
2020-10-25,sanmarino,1
2020-11-01,sanmarino,1
2020-03-15,serbia,0
2020-03-22,serbia,0
2020-03-29,serbia,0
2020-04-05,serbia,0
2020-04-12,serbia,0
2020-04-19,serbia,0.899100899100899
2020-04-26,serbia,0.899100899100899
2020-05-03,serbia,0.946053946053946
2020-05-10,serbia,0.967032967032967
2020-05-17,serbia,0.976023976023976
2020-05-24,serbia,0.985264735264735
2020-05-31,serbia,0.991508491508491
2020-06-07,serbia,0.995754245754246
2020-06-14,serbia,0.998501498501498
2020-06-21,serbia,0.999000999000999
2020-06-28,serbia,0.999500499500499
2020-07-05,serbia,0.99975024975025
2020-07-12,serbia,0.99975024975025
2020-07-19,serbia,0.99975024975025
2020-07-26,serbia,0.99975024975025
2020-08-02,serbia,1
2020-08-09,serbia,1
2020-08-16,serbia,1
2020-08-23,serbia,1
2020-08-30,serbia,1
2020-09-06,serbia,1
2020-09-13,serbia,1
2020-09-20,serbia,1
2020-09-27,serbia,1
2020-10-04,serbia,1
2020-10-11,serbia,1
2020-10-18,serbia,1
2020-10-25,serbia,1
2020-11-01,serbia,1
2020-03-15,slovenia,0
2020-03-22,slovenia,0
2020-03-29,slovenia,0.807942057942058
2020-04-05,slovenia,0.807942057942058
2020-04-12,slovenia,0.807942057942058
2020-04-19,slovenia,0.807942057942058
2020-04-26,slovenia,0.807942057942058
2020-05-03,slovenia,0.866133866133866
2020-05-10,slovenia,0.907092907092907
2020-05-17,slovenia,0.941808191808192
2020-05-24,slovenia,0.957042957042957
2020-05-31,slovenia,0.970779220779221
2020-06-07,slovenia,0.98001998001998
2020-06-14,slovenia,0.987262737262737
2020-06-21,slovenia,0.992007992007992
2020-06-28,slovenia,0.995254745254745
2020-07-05,slovenia,0.996503496503496
2020-07-12,slovenia,0.997002997002997
2020-07-19,slovenia,0.997502497502498
2020-07-26,slovenia,0.998751248751249
2020-08-02,slovenia,0.999000999000999
2020-08-09,slovenia,0.999000999000999
2020-08-16,slovenia,0.999250749250749
2020-08-23,slovenia,0.99975024975025
2020-08-30,slovenia,1
2020-09-06,slovenia,1
2020-09-13,slovenia,1
2020-09-20,slovenia,1
2020-09-27,slovenia,1
2020-10-04,slovenia,1
2020-10-11,slovenia,1
2020-10-18,slovenia,1
2020-10-25,slovenia,1
2020-11-01,slovenia,1
2020-03-15,spain,0
2020-03-22,spain,0
2020-03-29,spain,0.949550449550449
2020-04-05,spain,0.949550449550449
2020-04-12,spain,0.949550449550449
2020-04-19,spain,0.949550449550449
2020-04-26,spain,0.949550449550449
2020-05-03,spain,0.950799200799201
2020-05-10,spain,0.956793206793207
2020-05-17,spain,0.966283716283716
2020-05-24,spain,0.973776223776224
2020-05-31,spain,0.981268731268731
2020-06-07,spain,0.986763236763237
2020-06-14,spain,0.990509490509491
2020-06-21,spain,0.993756243756244
2020-06-28,spain,0.996753246753247
2020-07-05,spain,0.997502497502498
2020-07-12,spain,0.999250749250749
2020-07-19,spain,0.99975024975025
2020-07-26,spain,1
2020-08-02,spain,1
2020-08-09,spain,1
2020-08-16,spain,1
2020-08-23,spain,1
2020-08-30,spain,1
2020-09-06,spain,1
2020-09-13,spain,1
2020-09-20,spain,1
2020-09-27,spain,1
2020-10-04,spain,1
2020-10-11,spain,1
2020-10-18,spain,1
2020-10-25,spain,1
2020-11-01,spain,1
2020-03-15,sweden,0
2020-03-22,sweden,0
2020-03-29,sweden,0
2020-04-05,sweden,0
2020-04-12,sweden,0
2020-04-19,sweden,0
2020-04-26,sweden,0.294955044955045
2020-05-03,sweden,0.476273726273726
2020-05-10,sweden,0.621878121878122
2020-05-17,sweden,0.726523476523477
2020-05-24,sweden,0.8001998001998
2020-05-31,sweden,0.854145854145854
2020-06-07,sweden,0.893356643356643
2020-06-14,sweden,0.92032967032967
2020-06-21,sweden,0.944555444555444
2020-06-28,sweden,0.958291708291708
2020-07-05,sweden,0.971278721278721
2020-07-12,sweden,0.98001998001998
2020-07-19,sweden,0.986763236763237
2020-07-26,sweden,0.990759240759241
2020-08-02,sweden,0.993256743256743
2020-08-09,sweden,0.996003996003996
2020-08-16,sweden,0.997002997002997
2020-08-23,sweden,0.997752247752248
2020-08-30,sweden,0.998751248751249
2020-09-06,sweden,0.999500499500499
2020-09-13,sweden,0.99975024975025
2020-09-20,sweden,0.99975024975025
2020-09-27,sweden,0.99975024975025
2020-10-04,sweden,1
2020-10-11,sweden,1
2020-10-18,sweden,1
2020-10-25,sweden,1
2020-11-01,sweden,1
2020-03-15,switzerland,0
2020-03-22,switzerland,0
2020-03-29,switzerland,0.998001998001998
2020-04-05,switzerland,0.998001998001998
2020-04-12,switzerland,0.998001998001998
2020-04-19,switzerland,0.998001998001998
2020-04-26,switzerland,0.998001998001998
2020-05-03,switzerland,0.998001998001998
2020-05-10,switzerland,0.998001998001998
2020-05-17,switzerland,0.998251748251748
2020-05-24,switzerland,0.998251748251748
2020-05-31,switzerland,0.998751248751249
2020-06-07,switzerland,0.999250749250749
2020-06-14,switzerland,0.99975024975025
2020-06-21,switzerland,0.99975024975025
2020-06-28,switzerland,1
2020-07-05,switzerland,1
2020-07-12,switzerland,1
2020-07-19,switzerland,1
2020-07-26,switzerland,1
2020-08-02,switzerland,1
2020-08-09,switzerland,1
2020-08-16,switzerland,1
2020-08-23,switzerland,1
2020-08-30,switzerland,1
2020-09-06,switzerland,1
2020-09-13,switzerland,1
2020-09-20,switzerland,1
2020-09-27,switzerland,1
2020-10-04,switzerland,1
2020-10-11,switzerland,1
2020-10-18,switzerland,1
2020-10-25,switzerland,1
2020-11-01,switzerland,1
2020-03-15,ukraine,0
2020-03-22,ukraine,0
2020-03-29,ukraine,0
2020-04-05,ukraine,0
2020-04-12,ukraine,0
2020-04-19,ukraine,0
2020-04-26,ukraine,0.651348651348651
2020-05-03,ukraine,0.753246753246753
2020-05-10,ukraine,0.827172827172827
2020-05-17,ukraine,0.873376623376623
2020-05-24,ukraine,0.914585414585415
2020-05-31,ukraine,0.941058941058941
2020-06-07,ukraine,0.957792207792208
2020-06-14,ukraine,0.97027972027972
2020-06-21,ukraine,0.976773226773227
2020-06-28,ukraine,0.984515484515484
2020-07-05,ukraine,0.990759240759241
2020-07-12,ukraine,0.994005994005994
2020-07-19,ukraine,0.996253746253746
2020-07-26,ukraine,0.997252747252747
2020-08-02,ukraine,0.998251748251748
2020-08-09,ukraine,0.999000999000999
2020-08-16,ukraine,0.999250749250749
2020-08-23,ukraine,0.99975024975025
2020-08-30,ukraine,0.99975024975025
2020-09-06,ukraine,1
2020-09-13,ukraine,1
2020-09-20,ukraine,1
2020-09-27,ukraine,1
2020-10-04,ukraine,1
2020-10-11,ukraine,1
2020-10-18,ukraine,1
2020-10-25,ukraine,1
2020-11-01,ukraine,1
2020-03-15,unitedkingdom,0
2020-03-22,unitedkingdom,0
2020-03-29,unitedkingdom,0
2020-04-05,unitedkingdom,0
2020-04-12,unitedkingdom,0.746503496503497
2020-04-19,unitedkingdom,0.746503496503497
2020-04-26,unitedkingdom,0.746503496503497
2020-05-03,unitedkingdom,0.756993006993007
2020-05-10,unitedkingdom,0.80044955044955
2020-05-17,unitedkingdom,0.840659340659341
2020-05-24,unitedkingdom,0.881868131868132
2020-05-31,unitedkingdom,0.909090909090909
2020-06-07,unitedkingdom,0.936313686313686
2020-06-14,unitedkingdom,0.952297702297702
2020-06-21,unitedkingdom,0.965784215784216
2020-06-28,unitedkingdom,0.981268731268731
2020-07-05,unitedkingdom,0.987762237762238
2020-07-12,unitedkingdom,0.991008991008991
2020-07-19,unitedkingdom,0.993006993006993
2020-07-26,unitedkingdom,0.995004995004995
2020-08-02,unitedkingdom,0.996503496503496
2020-08-09,unitedkingdom,0.997502497502497
2020-08-16,unitedkingdom,0.998501498501498
2020-08-23,unitedkingdom,0.999000999000999
2020-08-30,unitedkingdom,0.999000999000999
2020-09-06,unitedkingdom,0.999000999000999
2020-09-13,unitedkingdom,0.999000999000999
2020-09-20,unitedkingdom,0.999000999000999
2020-09-27,unitedkingdom,0.999250749250749
2020-10-04,unitedkingdom,0.99975024975025
2020-10-11,unitedkingdom,0.99975024975025
2020-10-18,unitedkingdom,1
2020-10-25,unitedkingdom,1
2020-11-01,unitedkingdom,1
2020-03-15,us,0
2020-03-22,us,0
2020-03-29,us,0
2020-04-05,us,0
2020-04-12,us,0
2020-04-19,us,0
2020-04-26,us,0.392857142857143
2020-05-03,us,0.514485514485515
2020-05-10,us,0.665834165834166
2020-05-17,us,0.77022977022977
2020-05-24,us,0.832667332667333
2020-05-31,us,0.882367632367632
2020-06-07,us,0.917332667332667
2020-06-14,us,0.943056943056943
2020-06-21,us,0.963036963036963
2020-06-28,us,0.974525474525475
2020-07-05,us,0.983016983016983
2020-07-12,us,0.988761238761239
2020-07-19,us,0.990759240759241
2020-07-26,us,0.992757242757243
2020-08-02,us,0.995504495504495
2020-08-09,us,0.996503496503496
2020-08-16,us,0.998501498501498
2020-08-23,us,0.999250749250749
2020-08-30,us,0.999250749250749
2020-09-06,us,0.999500499500499
2020-09-13,us,0.99975024975025
2020-09-20,us,0.99975024975025
2020-09-27,us,1
2020-10-04,us,1
2020-10-11,us,1
2020-10-18,us,1
2020-10-25,us,1
2020-11-01,us,1
2020-03-15,argentina,0
2020-03-22,argentina,0
2020-03-29,argentina,0
2020-04-05,argentina,0
2020-04-12,argentina,0
2020-04-19,argentina,0
2020-04-26,argentina,0.67007992007992
2020-05-03,argentina,0.691308691308691
2020-05-10,argentina,0.72977022977023
2020-05-17,argentina,0.774975024975025
2020-05-24,argentina,0.822177822177822
2020-05-31,argentina,0.860389610389611
2020-06-07,argentina,0.894605394605395
2020-06-14,argentina,0.917332667332667
2020-06-21,argentina,0.937062937062937
2020-06-28,argentina,0.953296703296703
2020-07-05,argentina,0.965534465534466
2020-07-12,argentina,0.975524475524475
2020-07-19,argentina,0.981018981018981
2020-07-26,argentina,0.986763236763237
2020-08-02,argentina,0.991258741258741
2020-08-09,argentina,0.993006993006993
2020-08-16,argentina,0.994255744255744
2020-08-23,argentina,0.996253746253746
2020-08-30,argentina,0.997002997002997
2020-09-06,argentina,0.997502497502498
2020-09-13,argentina,0.997752247752248
2020-09-20,argentina,0.997752247752248
2020-09-27,argentina,0.998751248751249
2020-10-04,argentina,0.998751248751249
2020-10-11,argentina,0.999250749250749
2020-10-18,argentina,0.99975024975025
2020-10-25,argentina,1
2020-11-01,argentina,1
2020-03-15,bolivia,0
2020-03-22,bolivia,0
2020-03-29,bolivia,0
2020-04-05,bolivia,0
2020-04-12,bolivia,0
2020-04-19,bolivia,0
2020-04-26,bolivia,0.318431568431568
2020-05-03,bolivia,0.38986013986014
2020-05-10,bolivia,0.471778221778222
2020-05-17,bolivia,0.554695304695305
2020-05-24,bolivia,0.64035964035964
2020-05-31,bolivia,0.70979020979021
2020-06-07,bolivia,0.769230769230769
2020-06-14,bolivia,0.82017982017982
2020-06-21,bolivia,0.864135864135864
2020-06-28,bolivia,0.895104895104895
2020-07-05,bolivia,0.923076923076923
2020-07-12,bolivia,0.942557442557442
2020-07-19,bolivia,0.958541458541459
2020-07-26,bolivia,0.97002997002997
2020-08-02,bolivia,0.979270729270729
2020-08-09,bolivia,0.985764235764236
2020-08-16,bolivia,0.989510489510489
2020-08-23,bolivia,0.993756243756244
2020-08-30,bolivia,0.994755244755245
2020-09-06,bolivia,0.996003996003996
2020-09-13,bolivia,0.997752247752248
2020-09-20,bolivia,0.998001998001998
2020-09-27,bolivia,0.998251748251748
2020-10-04,bolivia,0.999000999000999
2020-10-11,bolivia,0.999500499500499
2020-10-18,bolivia,0.99975024975025
2020-10-25,bolivia,1
2020-11-01,bolivia,1
2020-03-15,brazil,0
2020-03-22,brazil,0
2020-03-29,brazil,0
2020-04-05,brazil,0
2020-04-12,brazil,0
2020-04-19,brazil,0
2020-04-26,brazil,0.166083916083916
2020-05-03,brazil,0.266483516483516
2020-05-10,brazil,0.402347652347652
2020-05-17,brazil,0.512487512487513
2020-05-24,brazil,0.607142857142857
2020-05-31,brazil,0.690559440559441
2020-06-07,brazil,0.755744255744256
2020-06-14,brazil,0.810939060939061
2020-06-21,brazil,0.853896103896104
2020-06-28,brazil,0.886363636363636
2020-07-05,brazil,0.917582417582418
2020-07-12,brazil,0.937062937062937
2020-07-19,brazil,0.954795204795205
2020-07-26,brazil,0.964785214785215
2020-08-02,brazil,0.973026973026973
2020-08-09,brazil,0.979020979020979
2020-08-16,brazil,0.985764235764236
2020-08-23,brazil,0.99000999000999
2020-08-30,brazil,0.992257742257742
2020-09-06,brazil,0.994255744255744
2020-09-13,brazil,0.996253746253746
2020-09-20,brazil,0.997002997002997
2020-09-27,brazil,0.998001998001998
2020-10-04,brazil,0.999250749250749
2020-10-11,brazil,0.99975024975025
2020-10-18,brazil,0.99975024975025
2020-10-25,brazil,1
2020-11-01,brazil,1
2020-03-15,chile,0
2020-03-22,chile,0
2020-03-29,chile,0
2020-04-05,chile,0
2020-04-12,chile,0
2020-04-19,chile,0
2020-04-26,chile,0.283216783216783
2020-05-03,chile,0.476023976023976
2020-05-10,chile,0.625624375624376
2020-05-17,chile,0.73001998001998
2020-05-24,chile,0.798701298701299
2020-05-31,chile,0.855394605394606
2020-06-07,chile,0.88986013986014
2020-06-14,chile,0.916833166833167
2020-06-21,chile,0.939310689310689
2020-06-28,chile,0.956793206793207
2020-07-05,chile,0.968531468531468
2020-07-12,chile,0.977772227772228
2020-07-19,chile,0.983766233766234
2020-07-26,chile,0.99025974025974
2020-08-02,chile,0.993006993006993
2020-08-09,chile,0.996503496503496
2020-08-16,chile,0.996753246753247
2020-08-23,chile,0.998001998001998
2020-08-30,chile,0.998001998001998
2020-09-06,chile,0.998501498501498
2020-09-13,chile,0.998751248751249
2020-09-20,chile,0.999000999000999
2020-09-27,chile,0.999250749250749
2020-10-04,chile,1
2020-10-11,chile,1
2020-10-18,chile,1
2020-10-25,chile,1
2020-11-01,chile,1
2020-03-15,colombia,0
2020-03-22,colombia,0
2020-03-29,colombia,0
2020-04-05,colombia,0
2020-04-12,colombia,0
2020-04-19,colombia,0
2020-04-26,colombia,0.457042957042957
2020-05-03,colombia,0.557442557442557
2020-05-10,colombia,0.643856143856144
2020-05-17,colombia,0.716533466533467
2020-05-24,colombia,0.778721278721279
2020-05-31,colombia,0.828671328671329
2020-06-07,colombia,0.869130869130869
2020-06-14,colombia,0.901598401598402
2020-06-21,colombia,0.928821178821179
2020-06-28,colombia,0.948051948051948
2020-07-05,colombia,0.963286713286713
2020-07-12,colombia,0.972527472527472
2020-07-19,colombia,0.978771228771229
2020-07-26,colombia,0.984515484515484
2020-08-02,colombia,0.991508491508491
2020-08-09,colombia,0.993756243756244
2020-08-16,colombia,0.996753246753247
2020-08-23,colombia,0.997002997002997
2020-08-30,colombia,0.997752247752248
2020-09-06,colombia,0.998501498501498
2020-09-13,colombia,0.998501498501498
2020-09-20,colombia,0.999000999000999
2020-09-27,colombia,0.999000999000999
2020-10-04,colombia,0.99975024975025
2020-10-11,colombia,0.99975024975025
2020-10-18,colombia,0.99975024975025
2020-10-25,colombia,1
2020-11-01,colombia,1
2020-03-15,cuba,0
2020-03-22,cuba,0
2020-03-29,cuba,0
2020-04-05,cuba,0
2020-04-12,cuba,0
2020-04-19,cuba,0.435314685314685
2020-04-26,cuba,0.435314685314685
2020-05-03,cuba,0.652097902097902
2020-05-10,cuba,0.778221778221778
2020-05-17,cuba,0.854645354645355
2020-05-24,cuba,0.908091908091908
2020-05-31,cuba,0.942057942057942
2020-06-07,cuba,0.963036963036963
2020-06-14,cuba,0.975274725274725
2020-06-21,cuba,0.983766233766234
2020-06-28,cuba,0.989260739260739
2020-07-05,cuba,0.992507492507493
2020-07-12,cuba,0.994755244755245
2020-07-19,cuba,0.996503496503496
2020-07-26,cuba,0.997752247752248
2020-08-02,cuba,0.998001998001998
2020-08-09,cuba,0.999000999000999
2020-08-16,cuba,0.999250749250749
2020-08-23,cuba,0.99975024975025
2020-08-30,cuba,1
2020-09-06,cuba,1
2020-09-13,cuba,1
2020-09-20,cuba,1
2020-09-27,cuba,1
2020-10-04,cuba,1
2020-10-11,cuba,1
2020-10-18,cuba,1
2020-10-25,cuba,1
2020-11-01,cuba,1
2020-03-15,dominicanrepublic,0
2020-03-22,dominicanrepublic,0
2020-03-29,dominicanrepublic,0
2020-04-05,dominicanrepublic,0
2020-04-12,dominicanrepublic,0
2020-04-19,dominicanrepublic,0.689060939060939
2020-04-26,dominicanrepublic,0.689060939060939
2020-05-03,dominicanrepublic,0.788711288711289
2020-05-10,dominicanrepublic,0.858641358641359
2020-05-17,dominicanrepublic,0.902597402597402
2020-05-24,dominicanrepublic,0.934065934065934
2020-05-31,dominicanrepublic,0.955544455544456
2020-06-07,dominicanrepublic,0.97052947052947
2020-06-14,dominicanrepublic,0.982767232767233
2020-06-21,dominicanrepublic,0.988511488511488
2020-06-28,dominicanrepublic,0.991758241758242
2020-07-05,dominicanrepublic,0.995254745254745
2020-07-12,dominicanrepublic,0.996753246753247
2020-07-19,dominicanrepublic,0.997502497502497
2020-07-26,dominicanrepublic,0.998251748251748
2020-08-02,dominicanrepublic,0.999000999000999
2020-08-09,dominicanrepublic,0.999500499500499
2020-08-16,dominicanrepublic,0.999500499500499
2020-08-23,dominicanrepublic,0.999500499500499
2020-08-30,dominicanrepublic,0.99975024975025
2020-09-06,dominicanrepublic,1
2020-09-13,dominicanrepublic,1
2020-09-20,dominicanrepublic,1
2020-09-27,dominicanrepublic,1
2020-10-04,dominicanrepublic,1
2020-10-11,dominicanrepublic,1
2020-10-18,dominicanrepublic,1
2020-10-25,dominicanrepublic,1
2020-11-01,dominicanrepublic,1
2020-03-15,ecuador,0
2020-03-22,ecuador,0
2020-03-29,ecuador,0
2020-04-05,ecuador,0
2020-04-12,ecuador,0
2020-04-19,ecuador,0
2020-04-26,ecuador,0.99975024975025
2020-05-03,ecuador,0.99975024975025
2020-05-10,ecuador,0.99975024975025
2020-05-17,ecuador,0.99975024975025
2020-05-24,ecuador,0.99975024975025
2020-05-31,ecuador,0.99975024975025
2020-06-07,ecuador,0.99975024975025
2020-06-14,ecuador,0.99975024975025
2020-06-21,ecuador,0.99975024975025
2020-06-28,ecuador,0.99975024975025
2020-07-05,ecuador,0.99975024975025
2020-07-12,ecuador,0.99975024975025
2020-07-19,ecuador,0.99975024975025
2020-07-26,ecuador,0.99975024975025
2020-08-02,ecuador,0.99975024975025
2020-08-09,ecuador,1
2020-08-16,ecuador,1
2020-08-23,ecuador,1
2020-08-30,ecuador,1
2020-09-06,ecuador,1
2020-09-13,ecuador,1
2020-09-20,ecuador,1
2020-09-27,ecuador,1
2020-10-04,ecuador,1
2020-10-11,ecuador,1
2020-10-18,ecuador,1
2020-10-25,ecuador,1
2020-11-01,ecuador,1
2020-03-15,honduras,0
2020-03-22,honduras,0
2020-03-29,honduras,0
2020-04-05,honduras,0
2020-04-12,honduras,0
2020-04-19,honduras,0
2020-04-26,honduras,0.893106893106893
2020-05-03,honduras,0.909090909090909
2020-05-10,honduras,0.923826173826174
2020-05-17,honduras,0.933816183816184
2020-05-24,honduras,0.945304695304695
2020-05-31,honduras,0.956793206793207
2020-06-07,honduras,0.965534465534466
2020-06-14,honduras,0.972277722277722
2020-06-21,honduras,0.975774225774226
2020-06-28,honduras,0.981768231768232
2020-07-05,honduras,0.985514485514486
2020-07-12,honduras,0.988261738261738
2020-07-19,honduras,0.99025974025974
2020-07-26,honduras,0.993006993006993
2020-08-02,honduras,0.994255744255744
2020-08-09,honduras,0.995254745254745
2020-08-16,honduras,0.996253746253746
2020-08-23,honduras,0.997502497502497
2020-08-30,honduras,0.998251748251748
2020-09-06,honduras,0.998751248751249
2020-09-13,honduras,0.999250749250749
2020-09-20,honduras,0.999500499500499
2020-09-27,honduras,0.999500499500499
2020-10-04,honduras,0.99975024975025
2020-10-11,honduras,0.99975024975025
2020-10-18,honduras,0.99975024975025
2020-10-25,honduras,1
2020-11-01,honduras,1
2020-03-15,mexico,0
2020-03-22,mexico,0
2020-03-29,mexico,0
2020-04-05,mexico,0
2020-04-12,mexico,0
2020-04-19,mexico,0
2020-04-26,mexico,0.373626373626374
2020-05-03,mexico,0.401598401598402
2020-05-10,mexico,0.465284715284715
2020-05-17,mexico,0.538461538461538
2020-05-24,mexico,0.615634365634366
2020-05-31,mexico,0.685314685314685
2020-06-07,mexico,0.754745254745255
2020-06-14,mexico,0.807942057942058
2020-06-21,mexico,0.850899100899101
2020-06-28,mexico,0.887862137862138
2020-07-05,mexico,0.915334665334665
2020-07-12,mexico,0.933066933066933
2020-07-19,mexico,0.948551448551449
2020-07-26,mexico,0.961788211788212
2020-08-02,mexico,0.971028971028971
2020-08-09,mexico,0.980769230769231
2020-08-16,mexico,0.984765234765235
2020-08-23,mexico,0.99000999000999
2020-08-30,mexico,0.993256743256743
2020-09-06,mexico,0.995004995004995
2020-09-13,mexico,0.996253746253746
2020-09-20,mexico,0.997502497502498
2020-09-27,mexico,0.998001998001998
2020-10-04,mexico,0.998501498501498
2020-10-11,mexico,0.998751248751249
2020-10-18,mexico,1
2020-10-25,mexico,1
2020-11-01,mexico,1
2020-03-15,panama,0
2020-03-22,panama,0
2020-03-29,panama,0
2020-04-05,panama,0
2020-04-12,panama,0
2020-04-19,panama,0
2020-04-26,panama,0.700549450549451
2020-05-03,panama,0.774725274725275
2020-05-10,panama,0.827422577422578
2020-05-17,panama,0.863386613386613
2020-05-24,panama,0.897102897102897
2020-05-31,panama,0.917582417582418
2020-06-07,panama,0.939310689310689
2020-06-14,panama,0.959040959040959
2020-06-21,panama,0.97002997002997
2020-06-28,panama,0.975524475524475
2020-07-05,panama,0.982017982017982
2020-07-12,panama,0.987012987012987
2020-07-19,panama,0.98976023976024
2020-07-26,panama,0.991758241758242
2020-08-02,panama,0.994755244755245
2020-08-09,panama,0.996253746253746
2020-08-16,panama,0.997252747252747
2020-08-23,panama,0.997752247752248
2020-08-30,panama,0.999000999000999
2020-09-06,panama,0.999250749250749
2020-09-13,panama,0.999500499500499
2020-09-20,panama,0.99975024975025
2020-09-27,panama,0.99975024975025
2020-10-04,panama,0.99975024975025
2020-10-11,panama,0.99975024975025
2020-10-18,panama,0.99975024975025
2020-10-25,panama,1
2020-11-01,panama,1
2020-03-15,peru,0
2020-03-22,peru,0
2020-03-29,peru,0
2020-04-05,peru,0
2020-04-12,peru,0
2020-04-19,peru,0
2020-04-26,peru,0.255994005994006
2020-05-03,peru,0.307692307692308
2020-05-10,peru,0.390859140859141
2020-05-17,peru,0.491758241758242
2020-05-24,peru,0.582667332667333
2020-05-31,peru,0.667582417582418
2020-06-07,peru,0.747252747252747
2020-06-14,peru,0.808441558441558
2020-06-21,peru,0.863636363636364
2020-06-28,peru,0.906843156843157
2020-07-05,peru,0.933066933066933
2020-07-12,peru,0.951548451548452
2020-07-19,peru,0.969280719280719
2020-07-26,peru,0.98026973026973
2020-08-02,peru,0.984515484515484
2020-08-09,peru,0.98976023976024
2020-08-16,peru,0.993756243756244
2020-08-23,peru,0.995254745254745
2020-08-30,peru,0.997002997002997
2020-09-06,peru,0.998001998001998
2020-09-13,peru,0.998501498501498
2020-09-20,peru,0.998751248751249
2020-09-27,peru,0.999250749250749
2020-10-04,peru,0.999500499500499
2020-10-11,peru,0.999500499500499
2020-10-18,peru,0.999500499500499
2020-10-25,peru,1
2020-11-01,peru,1
2020-03-15,burkinafaso,0
2020-03-22,burkinafaso,0
2020-03-29,burkinafaso,0
2020-04-05,burkinafaso,0
2020-04-12,burkinafaso,0.843906093906094
2020-04-19,burkinafaso,0.843906093906094
2020-04-26,burkinafaso,0.843906093906094
2020-05-03,burkinafaso,0.908091908091908
2020-05-10,burkinafaso,0.93981018981019
2020-05-17,burkinafaso,0.958041958041958
2020-05-24,burkinafaso,0.97027972027972
2020-05-31,burkinafaso,0.978021978021978
2020-06-07,burkinafaso,0.984015984015984
2020-06-14,burkinafaso,0.988011988011988
2020-06-21,burkinafaso,0.990509490509491
2020-06-28,burkinafaso,0.992757242757243
2020-07-05,burkinafaso,0.993756243756244
2020-07-12,burkinafaso,0.996003996003996
2020-07-19,burkinafaso,0.998251748251748
2020-07-26,burkinafaso,0.998501498501498
2020-08-02,burkinafaso,0.999250749250749
2020-08-09,burkinafaso,0.9995004995005
2020-08-16,burkinafaso,0.9995004995005
2020-08-23,burkinafaso,0.99975024975025
2020-08-30,burkinafaso,0.99975024975025
2020-09-06,burkinafaso,0.99975024975025
2020-09-13,burkinafaso,1
2020-09-20,burkinafaso,1
2020-09-27,burkinafaso,1
2020-10-04,burkinafaso,1
2020-10-11,burkinafaso,1
2020-10-18,burkinafaso,1
2020-10-25,burkinafaso,1
2020-11-01,burkinafaso,1
2020-03-15,cameroon,0
2020-03-22,cameroon,0
2020-03-29,cameroon,0
2020-04-05,cameroon,0.687062937062937
2020-04-12,cameroon,0.687062937062937
2020-04-19,cameroon,0.687062937062937
2020-04-26,cameroon,0.687062937062937
2020-05-03,cameroon,0.724025974025974
2020-05-10,cameroon,0.754245754245754
2020-05-17,cameroon,0.791208791208791
2020-05-24,cameroon,0.831418581418581
2020-05-31,cameroon,0.863636363636364
2020-06-07,cameroon,0.891358641358641
2020-06-14,cameroon,0.915084915084915
2020-06-21,cameroon,0.936063936063936
2020-06-28,cameroon,0.951548451548452
2020-07-05,cameroon,0.964785214785215
2020-07-12,cameroon,0.975524475524475
2020-07-19,cameroon,0.982767232767233
2020-07-26,cameroon,0.986263736263736
2020-08-02,cameroon,0.989510489510489
2020-08-09,cameroon,0.992257742257742
2020-08-16,cameroon,0.993756243756244
2020-08-23,cameroon,0.995754245754246
2020-08-30,cameroon,0.997002997002997
2020-09-06,cameroon,0.997502497502498
2020-09-13,cameroon,0.998001998001998
2020-09-20,cameroon,0.998251748251748
2020-09-27,cameroon,0.998251748251748
2020-10-04,cameroon,0.998751248751249
2020-10-11,cameroon,0.9995004995005
2020-10-18,cameroon,0.9995004995005
2020-10-25,cameroon,1
2020-11-01,cameroon,1
2020-03-15,democraticcongo,0
2020-03-22,democraticcongo,0
2020-03-29,democraticcongo,0
2020-04-05,democraticcongo,0
2020-04-12,democraticcongo,0.636863136863137
2020-04-19,democraticcongo,0.636863136863137
2020-04-26,democraticcongo,0.636863136863137
2020-05-03,democraticcongo,0.71003996003996
2020-05-10,democraticcongo,0.76948051948052
2020-05-17,democraticcongo,0.818431568431569
2020-05-24,democraticcongo,0.854145854145854
2020-05-31,democraticcongo,0.884115884115884
2020-06-07,democraticcongo,0.913586413586414
2020-06-14,democraticcongo,0.931818181818182
2020-06-21,democraticcongo,0.945304695304695
2020-06-28,democraticcongo,0.956293706293706
2020-07-05,democraticcongo,0.966033966033966
2020-07-12,democraticcongo,0.975024975024975
2020-07-19,democraticcongo,0.981768231768232
2020-07-26,democraticcongo,0.986513486513487
2020-08-02,democraticcongo,0.989260739260739
2020-08-09,democraticcongo,0.991258741258741
2020-08-16,democraticcongo,0.995004995004995
2020-08-23,democraticcongo,0.996253746253746
2020-08-30,democraticcongo,0.997502497502498
2020-09-06,democraticcongo,0.998251748251748
2020-09-13,democraticcongo,0.998501498501498
2020-09-20,democraticcongo,0.999000999000999
2020-09-27,democraticcongo,0.999250749250749
2020-10-04,democraticcongo,0.99975024975025
2020-10-11,democraticcongo,1
2020-10-18,democraticcongo,1
2020-10-25,democraticcongo,1
2020-11-01,democraticcongo,1
2020-03-15,mali,0
2020-03-22,mali,0
2020-03-29,mali,0
2020-04-05,mali,0
2020-04-12,mali,0
2020-04-19,mali,0.260981912144703
2020-04-26,mali,0.521963824289406
2020-05-03,mali,0.570874861572536
2020-05-10,mali,0.629014396456257
2020-05-17,mali,0.687707641196013
2020-05-24,mali,0.746954595791805
2020-05-31,mali,0.795681063122924
2020-06-07,mali,0.831487633813215
2020-06-14,mali,0.869878183831672
2020-06-21,mali,0.900701365817645
2020-06-28,mali,0.924880029531192
2020-07-05,mali,0.941860465116279
2020-07-12,mali,0.954042081949059
2020-07-19,mali,0.967146548541897
2020-07-26,mali,0.975452196382429
2020-08-02,mali,0.981912144702842
2020-08-09,mali,0.986157253599114
2020-08-16,mali,0.989664082687339
2020-08-23,mali,0.992617201919528
2020-08-30,mali,0.995201181247693
2020-09-06,mali,0.99593946105574
2020-09-13,mali,0.997046880767811
2020-09-20,mali,0.99796973052787
2020-09-27,mali,0.998154300479882
2020-10-04,mali,0.998708010335917
2020-10-11,mali,0.999261720191953
2020-10-18,mali,0.999815430047988
2020-10-25,mali,1
2020-11-01,mali,1
2020-03-15,niger,0
2020-03-22,niger,0
2020-03-29,niger,0
2020-04-05,niger,0
2020-04-12,niger,0.9000999000999
2020-04-19,niger,0.9000999000999
2020-04-26,niger,0.9000999000999
2020-05-03,niger,0.941808191808192
2020-05-10,niger,0.965534465534466
2020-05-17,niger,0.976273726273726
2020-05-24,niger,0.984265734265734
2020-05-31,niger,0.98951048951049
2020-06-07,niger,0.992257742257742
2020-06-14,niger,0.994005994005994
2020-06-21,niger,0.995504495504496
2020-06-28,niger,0.996003996003996
2020-07-05,niger,0.996503496503496
2020-07-12,niger,0.997752247752248
2020-07-19,niger,0.998001998001998
2020-07-26,niger,0.998501498501499
2020-08-02,niger,0.999250749250749
2020-08-09,niger,0.99975024975025
2020-08-16,niger,0.99975024975025
2020-08-23,niger,0.99975024975025
2020-08-30,niger,0.99975024975025
2020-09-06,niger,0.99975024975025
2020-09-13,niger,0.99975024975025
2020-09-20,niger,1
2020-09-27,niger,1
2020-10-04,niger,1
2020-10-11,niger,1
2020-10-18,niger,1
2020-10-25,niger,1
2020-11-01,niger,1
2020-03-15,nigeria,0
2020-03-22,nigeria,0
2020-03-29,nigeria,0
2020-04-05,nigeria,0
2020-04-12,nigeria,0
2020-04-19,nigeria,0
2020-04-26,nigeria,0.32992007992008
2020-05-03,nigeria,0.363636363636364
2020-05-10,nigeria,0.425324675324675
2020-05-17,nigeria,0.492257742257742
2020-05-24,nigeria,0.576923076923077
2020-05-31,nigeria,0.6500999000999
2020-06-07,nigeria,0.716533466533467
2020-06-14,nigeria,0.771228771228771
2020-06-21,nigeria,0.822927072927073
2020-06-28,nigeria,0.866133866133866
2020-07-05,nigeria,0.900849150849151
2020-07-12,nigeria,0.927322677322677
2020-07-19,nigeria,0.947302697302697
2020-07-26,nigeria,0.958541458541459
2020-08-02,nigeria,0.968281718281718
2020-08-09,nigeria,0.976773226773227
2020-08-16,nigeria,0.985014985014985
2020-08-23,nigeria,0.989510489510489
2020-08-30,nigeria,0.992257742257742
2020-09-06,nigeria,0.993506493506494
2020-09-13,nigeria,0.994755244755245
2020-09-20,nigeria,0.996253746253746
2020-09-27,nigeria,0.998251748251748
2020-10-04,nigeria,0.999000999000999
2020-10-11,nigeria,0.9995004995005
2020-10-18,nigeria,0.9995004995005
2020-10-25,nigeria,1
2020-11-01,nigeria,1
2020-03-15,somalia,0
2020-03-22,somalia,0
2020-03-29,somalia,0
2020-04-05,somalia,0
2020-04-12,somalia,0
2020-04-19,somalia,0
2020-04-26,somalia,0.692057942057942
2020-05-03,somalia,0.713286713286713
2020-05-10,somalia,0.744505494505495
2020-05-17,somalia,0.786213786213786
2020-05-24,somalia,0.823926073926074
2020-05-31,somalia,0.861138861138861
2020-06-07,somalia,0.891358641358641
2020-06-14,somalia,0.921578421578421
2020-06-21,somalia,0.945804195804196
2020-06-28,somalia,0.961288711288711
2020-07-05,somalia,0.972277722277722
2020-07-12,somalia,0.980769230769231
2020-07-19,somalia,0.984015984015984
2020-07-26,somalia,0.988011988011988
2020-08-02,somalia,0.993006993006993
2020-08-09,somalia,0.994505494505495
2020-08-16,somalia,0.997002997002997
2020-08-23,somalia,0.997502497502497
2020-08-30,somalia,0.997502497502497
2020-09-06,somalia,0.997752247752248
2020-09-13,somalia,0.998751248751249
2020-09-20,somalia,0.999250749250749
2020-09-27,somalia,0.999500499500499
2020-10-04,somalia,0.99975024975025
2020-10-11,somalia,1
2020-10-18,somalia,1
2020-10-25,somalia,1
2020-11-01,somalia,1
2020-03-15,southafrica,0
2020-03-22,southafrica,0
2020-03-29,southafrica,0
2020-04-05,southafrica,0
2020-04-12,southafrica,0
2020-04-19,southafrica,0
2020-04-26,southafrica,0.418831168831169
2020-05-03,southafrica,0.524475524475525
2020-05-10,southafrica,0.616633366633367
2020-05-17,southafrica,0.699300699300699
2020-05-24,southafrica,0.768481518481519
2020-05-31,southafrica,0.817182817182817
2020-06-07,southafrica,0.855144855144855
2020-06-14,southafrica,0.886363636363636
2020-06-21,southafrica,0.918081918081918
2020-06-28,southafrica,0.93981018981019
2020-07-05,southafrica,0.952547452547453
2020-07-12,southafrica,0.963786213786214
2020-07-19,southafrica,0.974525474525475
2020-07-26,southafrica,0.98026973026973
2020-08-02,southafrica,0.985014985014985
2020-08-09,southafrica,0.989260739260739
2020-08-16,southafrica,0.991758241758242
2020-08-23,southafrica,0.994005994005994
2020-08-30,southafrica,0.994505494505495
2020-09-06,southafrica,0.995754245754246
2020-09-13,southafrica,0.996753246753247
2020-09-20,southafrica,0.997752247752248
2020-09-27,southafrica,0.998501498501498
2020-10-04,southafrica,0.998751248751249
2020-10-11,southafrica,0.998751248751249
2020-10-18,southafrica,0.999500499500499
2020-10-25,southafrica,1
2020-11-01,southafrica,1
2020-03-15,afghanistan,0
2020-03-22,afghanistan,0
2020-03-29,afghanistan,0
2020-04-05,afghanistan,0
2020-04-12,afghanistan,0
2020-04-19,afghanistan,0
2020-04-26,afghanistan,0.337662337662338
2020-05-03,afghanistan,0.451048951048951
2020-05-10,afghanistan,0.543956043956044
2020-05-17,afghanistan,0.635114885114885
2020-05-24,afghanistan,0.704045954045954
2020-05-31,afghanistan,0.76973026973027
2020-06-07,afghanistan,0.824425574425574
2020-06-14,afghanistan,0.872627372627373
2020-06-21,afghanistan,0.901098901098901
2020-06-28,afghanistan,0.926073926073926
2020-07-05,afghanistan,0.945304695304695
2020-07-12,afghanistan,0.959290709290709
2020-07-19,afghanistan,0.96953046953047
2020-07-26,afghanistan,0.977772227772228
2020-08-02,afghanistan,0.983766233766234
2020-08-09,afghanistan,0.987762237762238
2020-08-16,afghanistan,0.991758241758242
2020-08-23,afghanistan,0.993756243756244
2020-08-30,afghanistan,0.995004995004995
2020-09-06,afghanistan,0.997252747252747
2020-09-13,afghanistan,0.998001998001998
2020-09-20,afghanistan,0.998501498501498
2020-09-27,afghanistan,0.999000999000999
2020-10-04,afghanistan,0.999250749250749
2020-10-11,afghanistan,0.999500499500499
2020-10-18,afghanistan,0.999500499500499
2020-10-25,afghanistan,1
2020-11-01,afghanistan,1
2020-03-15,algeria,0
2020-03-22,algeria,0
2020-03-29,algeria,0
2020-04-05,algeria,0.575674325674326
2020-04-12,algeria,0.575674325674326
2020-04-19,algeria,0.575674325674326
2020-04-26,algeria,0.575674325674326
2020-05-03,algeria,0.671328671328671
2020-05-10,algeria,0.747002997002997
2020-05-17,algeria,0.807442557442558
2020-05-24,algeria,0.851398601398601
2020-05-31,algeria,0.888361638361638
2020-06-07,algeria,0.922577422577423
2020-06-14,algeria,0.942557442557442
2020-06-21,algeria,0.954795204795205
2020-06-28,algeria,0.964535464535464
2020-07-05,algeria,0.974775224775225
2020-07-12,algeria,0.981018981018981
2020-07-19,algeria,0.985514485514486
2020-07-26,algeria,0.99050949050949
2020-08-02,algeria,0.993006993006993
2020-08-09,algeria,0.995754245754246
2020-08-16,algeria,0.996753246753247
2020-08-23,algeria,0.997752247752248
2020-08-30,algeria,0.998501498501498
2020-09-06,algeria,0.998751248751249
2020-09-13,algeria,0.999250749250749
2020-09-20,algeria,0.99975024975025
2020-09-27,algeria,0.99975024975025
2020-10-04,algeria,0.99975024975025
2020-10-11,algeria,0.99975024975025
2020-10-18,algeria,0.99975024975025
2020-10-25,algeria,1
2020-11-01,algeria,1
2020-03-15,armenia,0
2020-03-22,armenia,0
2020-03-29,armenia,0
2020-04-05,armenia,0.67982017982018
2020-04-12,armenia,0.67982017982018
2020-04-19,armenia,0.67982017982018
2020-04-26,armenia,0.67982017982018
2020-05-03,armenia,0.752497502497502
2020-05-10,armenia,0.813436563436564
2020-05-17,armenia,0.852397602397602
2020-05-24,armenia,0.886113886113886
2020-05-31,armenia,0.911838161838162
2020-06-07,armenia,0.92957042957043
2020-06-14,armenia,0.947302697302697
2020-06-21,armenia,0.95954045954046
2020-06-28,armenia,0.966033966033966
2020-07-05,armenia,0.976273726273726
2020-07-12,armenia,0.981768231768232
2020-07-19,armenia,0.984765234765235
2020-07-26,armenia,0.988261738261738
2020-08-02,armenia,0.99025974025974
2020-08-09,armenia,0.992257742257742
2020-08-16,armenia,0.994505494505495
2020-08-23,armenia,0.996003996003996
2020-08-30,armenia,0.997002997002997
2020-09-06,armenia,0.998501498501498
2020-09-13,armenia,0.999000999000999
2020-09-20,armenia,0.999250749250749
2020-09-27,armenia,0.999500499500499
2020-10-04,armenia,0.99975024975025
2020-10-11,armenia,0.99975024975025
2020-10-18,armenia,1
2020-10-25,armenia,1
2020-11-01,armenia,1
2020-03-15,azerbaijan,0
2020-03-22,azerbaijan,0
2020-03-29,azerbaijan,0
2020-04-05,azerbaijan,0
2020-04-12,azerbaijan,0.838411588411588
2020-04-19,azerbaijan,0.838411588411588
2020-04-26,azerbaijan,0.838411588411588
2020-05-03,azerbaijan,0.887362637362637
2020-05-10,azerbaijan,0.926323676323676
2020-05-17,azerbaijan,0.949550449550449
2020-05-24,azerbaijan,0.966283716283716
2020-05-31,azerbaijan,0.977772227772228
2020-06-07,azerbaijan,0.983016983016983
2020-06-14,azerbaijan,0.988511488511488
2020-06-21,azerbaijan,0.992257742257742
2020-06-28,azerbaijan,0.995004995004995
2020-07-05,azerbaijan,0.997252747252747
2020-07-12,azerbaijan,0.998501498501498
2020-07-19,azerbaijan,0.998501498501498
2020-07-26,azerbaijan,0.999000999000999
2020-08-02,azerbaijan,0.999500499500499
2020-08-09,azerbaijan,0.99975024975025
2020-08-16,azerbaijan,0.99975024975025
2020-08-23,azerbaijan,0.99975024975025
2020-08-30,azerbaijan,0.99975024975025
2020-09-06,azerbaijan,0.99975024975025
2020-09-13,azerbaijan,0.99975024975025
2020-09-20,azerbaijan,0.99975024975025
2020-09-27,azerbaijan,1
2020-10-04,azerbaijan,1
2020-10-11,azerbaijan,1
2020-10-18,azerbaijan,1
2020-10-25,azerbaijan,1
2020-11-01,azerbaijan,1
2020-03-15,bangladesh,0
2020-03-22,bangladesh,0
2020-03-29,bangladesh,0
2020-04-05,bangladesh,0
2020-04-12,bangladesh,0
2020-04-19,bangladesh,0
2020-04-26,bangladesh,0.384115884115884
2020-05-03,bangladesh,0.497502497502498
2020-05-10,bangladesh,0.604145854145854
2020-05-17,bangladesh,0.706043956043956
2020-05-24,bangladesh,0.784965034965035
2020-05-31,bangladesh,0.842407592407593
2020-06-07,bangladesh,0.883616383616384
2020-06-14,bangladesh,0.914335664335664
2020-06-21,bangladesh,0.94055944055944
2020-06-28,bangladesh,0.95979020979021
2020-07-05,bangladesh,0.974775224775225
2020-07-12,bangladesh,0.982517482517482
2020-07-19,bangladesh,0.987762237762238
2020-07-26,bangladesh,0.991258741258741
2020-08-02,bangladesh,0.994755244755245
2020-08-09,bangladesh,0.996253746253746
2020-08-16,bangladesh,0.997502497502498
2020-08-23,bangladesh,0.998251748251748
2020-08-30,bangladesh,0.998751248751249
2020-09-06,bangladesh,0.999000999000999
2020-09-13,bangladesh,0.999000999000999
2020-09-20,bangladesh,0.99975024975025
2020-09-27,bangladesh,0.99975024975025
2020-10-04,bangladesh,1
2020-10-11,bangladesh,1
2020-10-18,bangladesh,1
2020-10-25,bangladesh,1
2020-11-01,bangladesh,1
2020-03-15,egypt,0
2020-03-22,egypt,0
2020-03-29,egypt,0
2020-04-05,egypt,0
2020-04-12,egypt,0
2020-04-19,egypt,0
2020-04-26,egypt,0.196553446553447
2020-05-03,egypt,0.38961038961039
2020-05-10,egypt,0.544955044955045
2020-05-17,egypt,0.659090909090909
2020-05-24,egypt,0.745254745254745
2020-05-31,egypt,0.807192807192807
2020-06-07,egypt,0.850899100899101
2020-06-14,egypt,0.888111888111888
2020-06-21,egypt,0.916083916083916
2020-06-28,egypt,0.94030969030969
2020-07-05,egypt,0.957792207792208
2020-07-12,egypt,0.968031968031968
2020-07-19,egypt,0.975774225774226
2020-07-26,egypt,0.984515484515484
2020-08-02,egypt,0.988261738261738
2020-08-09,egypt,0.990509490509491
2020-08-16,egypt,0.993506493506494
2020-08-23,egypt,0.994755244755245
2020-08-30,egypt,0.996753246753247
2020-09-06,egypt,0.997002997002997
2020-09-13,egypt,0.998001998001998
2020-09-20,egypt,0.998501498501498
2020-09-27,egypt,0.998501498501498
2020-10-04,egypt,0.999250749250749
2020-10-11,egypt,0.999250749250749
2020-10-18,egypt,0.9995004995005
2020-10-25,egypt,1
2020-11-01,egypt,1
2020-03-15,india,0
2020-03-22,india,0
2020-03-29,india,0
2020-04-05,india,0
2020-04-12,india,0
2020-04-19,india,0
2020-04-26,india,0.186063936063936
2020-05-03,india,0.330919080919081
2020-05-10,india,0.472777222777223
2020-05-17,india,0.585414585414585
2020-05-24,india,0.675824175824176
2020-05-31,india,0.752747252747253
2020-06-07,india,0.810689310689311
2020-06-14,india,0.855894105894106
2020-06-21,india,0.894605394605395
2020-06-28,india,0.918831168831169
2020-07-05,india,0.94005994005994
2020-07-12,india,0.954045954045954
2020-07-19,india,0.965534465534466
2020-07-26,india,0.977022977022977
2020-08-02,india,0.983766233766234
2020-08-09,india,0.989010989010989
2020-08-16,india,0.992757242757243
2020-08-23,india,0.994505494505495
2020-08-30,india,0.996003996003996
2020-09-06,india,0.996753246753247
2020-09-13,india,0.997002997002997
2020-09-20,india,0.997752247752248
2020-09-27,india,0.998751248751249
2020-10-04,india,0.999250749250749
2020-10-11,india,0.99975024975025
2020-10-18,india,1
2020-10-25,india,1
2020-11-01,india,1
2020-03-15,iran,0
2020-03-22,iran,0
2020-03-29,iran,0
2020-04-05,iran,0.971028971028971
2020-04-12,iran,0.971028971028971
2020-04-19,iran,0.971028971028971
2020-04-26,iran,0.971028971028971
2020-05-03,iran,0.971028971028971
2020-05-10,iran,0.972277722277722
2020-05-17,iran,0.974775224775225
2020-05-24,iran,0.978771228771229
2020-05-31,iran,0.982517482517482
2020-06-07,iran,0.985264735264735
2020-06-14,iran,0.989010989010989
2020-06-21,iran,0.991008991008991
2020-06-28,iran,0.993756243756244
2020-07-05,iran,0.995504495504495
2020-07-12,iran,0.997002997002997
2020-07-19,iran,0.998501498501498
2020-07-26,iran,0.999000999000999
2020-08-02,iran,0.999250749250749
2020-08-09,iran,0.999500499500499
2020-08-16,iran,0.999500499500499
2020-08-23,iran,0.999500499500499
2020-08-30,iran,0.999500499500499
2020-09-06,iran,0.99975024975025
2020-09-13,iran,0.99975024975025
2020-09-20,iran,1
2020-09-27,iran,1
2020-10-04,iran,1
2020-10-11,iran,1
2020-10-18,iran,1
2020-10-25,iran,1
2020-11-01,iran,1
2020-03-15,iraq,0
2020-03-22,iraq,0
2020-03-29,iraq,0
2020-04-05,iraq,0
2020-04-12,iraq,0.815434565434565
2020-04-19,iraq,0.815434565434565
2020-04-26,iraq,0.815434565434565
2020-05-03,iraq,0.839160839160839
2020-05-10,iraq,0.868881118881119
2020-05-17,iraq,0.895854145854146
2020-05-24,iraq,0.922327672327672
2020-05-31,iraq,0.941058941058941
2020-06-07,iraq,0.953046953046953
2020-06-14,iraq,0.966283716283716
2020-06-21,iraq,0.975274725274725
2020-06-28,iraq,0.981518481518481
2020-07-05,iraq,0.984515484515484
2020-07-12,iraq,0.99000999000999
2020-07-19,iraq,0.992507492507493
2020-07-26,iraq,0.995004995004995
2020-08-02,iraq,0.996253746253746
2020-08-09,iraq,0.996753246753247
2020-08-16,iraq,0.997752247752248
2020-08-23,iraq,0.998001998001998
2020-08-30,iraq,0.998751248751249
2020-09-06,iraq,0.999500499500499
2020-09-13,iraq,0.999500499500499
2020-09-20,iraq,0.999500499500499
2020-09-27,iraq,0.999500499500499
2020-10-04,iraq,0.99975024975025
2020-10-11,iraq,0.99975024975025
2020-10-18,iraq,0.99975024975025
2020-10-25,iraq,1
2020-11-01,iraq,1
2020-03-15,israel,0
2020-03-22,israel,0
2020-03-29,israel,0.994505494505495
2020-04-05,israel,0.994505494505495
2020-04-12,israel,0.994505494505495
2020-04-19,israel,0.994505494505495
2020-04-26,israel,0.994505494505495
2020-05-03,israel,0.994505494505495
2020-05-10,israel,0.994505494505495
2020-05-17,israel,0.994755244755245
2020-05-24,israel,0.995004995004995
2020-05-31,israel,0.996003996003996
2020-06-07,israel,0.997002997002997
2020-06-14,israel,0.997502497502498
2020-06-21,israel,0.997752247752248
2020-06-28,israel,0.998251748251748
2020-07-05,israel,0.998751248751249
2020-07-12,israel,0.998751248751249
2020-07-19,israel,0.998751248751249
2020-07-26,israel,0.999250749250749
2020-08-02,israel,0.9995004995005
2020-08-09,israel,1
2020-08-16,israel,1
2020-08-23,israel,1
2020-08-30,israel,1
2020-09-06,israel,1
2020-09-13,israel,1
2020-09-20,israel,1
2020-09-27,israel,1
2020-10-04,israel,1
2020-10-11,israel,1
2020-10-18,israel,1
2020-10-25,israel,1
2020-11-01,israel,1
2020-03-15,kazakhstan,0
2020-03-22,kazakhstan,0
2020-03-29,kazakhstan,0
2020-04-05,kazakhstan,0
2020-04-12,kazakhstan,0
2020-04-19,kazakhstan,0
2020-04-26,kazakhstan,0.343656343656344
2020-05-03,kazakhstan,0.447802197802198
2020-05-10,kazakhstan,0.545704295704296
2020-05-17,kazakhstan,0.627122877122877
2020-05-24,kazakhstan,0.697802197802198
2020-05-31,kazakhstan,0.764485514485515
2020-06-07,kazakhstan,0.821178821178821
2020-06-14,kazakhstan,0.861138861138861
2020-06-21,kazakhstan,0.893606393606394
2020-06-28,kazakhstan,0.918581418581419
2020-07-05,kazakhstan,0.941308691308691
2020-07-12,kazakhstan,0.957292707292707
2020-07-19,kazakhstan,0.972027972027972
2020-07-26,kazakhstan,0.979520479520479
2020-08-02,kazakhstan,0.983766233766234
2020-08-09,kazakhstan,0.989010989010989
2020-08-16,kazakhstan,0.992257742257742
2020-08-23,kazakhstan,0.994505494505495
2020-08-30,kazakhstan,0.996253746253746
2020-09-06,kazakhstan,0.997502497502498
2020-09-13,kazakhstan,0.997502497502498
2020-09-20,kazakhstan,0.998251748251748
2020-09-27,kazakhstan,0.998751248751249
2020-10-04,kazakhstan,0.9995004995005
2020-10-11,kazakhstan,0.99975024975025
2020-10-18,kazakhstan,1
2020-10-25,kazakhstan,1
2020-11-01,kazakhstan,1
2020-03-15,kuwait,0
2020-03-22,kuwait,0
2020-03-29,kuwait,0
2020-04-05,kuwait,0
2020-04-12,kuwait,0
2020-04-19,kuwait,0
2020-04-26,kuwait,0.216283716283716
2020-05-03,kuwait,0.311188811188811
2020-05-10,kuwait,0.431568431568432
2020-05-17,kuwait,0.545454545454545
2020-05-24,kuwait,0.638861138861139
2020-05-31,kuwait,0.719030969030969
2020-06-07,kuwait,0.788211788211788
2020-06-14,kuwait,0.843406593406593
2020-06-21,kuwait,0.884365634365634
2020-06-28,kuwait,0.916333666333666
2020-07-05,kuwait,0.937062937062937
2020-07-12,kuwait,0.956793206793207
2020-07-19,kuwait,0.969030969030969
2020-07-26,kuwait,0.978771228771229
2020-08-02,kuwait,0.985264735264735
2020-08-09,kuwait,0.98951048951049
2020-08-16,kuwait,0.992007992007992
2020-08-23,kuwait,0.994255744255744
2020-08-30,kuwait,0.997002997002997
2020-09-06,kuwait,0.997752247752248
2020-09-13,kuwait,0.998501498501498
2020-09-20,kuwait,0.998751248751249
2020-09-27,kuwait,0.998751248751249
2020-10-04,kuwait,0.999000999000999
2020-10-11,kuwait,0.999000999000999
2020-10-18,kuwait,1
2020-10-25,kuwait,1
2020-11-01,kuwait,1
2020-03-15,lebanon,0
2020-03-22,lebanon,0
2020-03-29,lebanon,0.989510489510489
2020-04-05,lebanon,0.989510489510489
2020-04-12,lebanon,0.989510489510489
2020-04-19,lebanon,0.989510489510489
2020-04-26,lebanon,0.989510489510489
2020-05-03,lebanon,0.991258741258741
2020-05-10,lebanon,0.993756243756244
2020-05-17,lebanon,0.995504495504495
2020-05-24,lebanon,0.996503496503496
2020-05-31,lebanon,0.996503496503496
2020-06-07,lebanon,0.997752247752248
2020-06-14,lebanon,0.998001998001998
2020-06-21,lebanon,0.998501498501498
2020-06-28,lebanon,0.998751248751249
2020-07-05,lebanon,0.998751248751249
2020-07-12,lebanon,0.999000999000999
2020-07-19,lebanon,0.999500499500499
2020-07-26,lebanon,0.99975024975025
2020-08-02,lebanon,0.99975024975025
2020-08-09,lebanon,0.99975024975025
2020-08-16,lebanon,0.99975024975025
2020-08-23,lebanon,0.99975024975025
2020-08-30,lebanon,1
2020-09-06,lebanon,1
2020-09-13,lebanon,1
2020-09-20,lebanon,1
2020-09-27,lebanon,1
2020-10-04,lebanon,1
2020-10-11,lebanon,1
2020-10-18,lebanon,1
2020-10-25,lebanon,1
2020-11-01,lebanon,1
2020-03-15,morocco,0
2020-03-22,morocco,0
2020-03-29,morocco,0
2020-04-05,morocco,0
2020-04-12,morocco,0
2020-04-19,morocco,0.604145854145854
2020-04-26,morocco,0.604145854145854
2020-05-03,morocco,0.724525474525475
2020-05-10,morocco,0.805944055944056
2020-05-17,morocco,0.866133866133866
2020-05-24,morocco,0.909090909090909
2020-05-31,morocco,0.933816183816184
2020-06-07,morocco,0.951298701298701
2020-06-14,morocco,0.963786213786214
2020-06-21,morocco,0.976773226773227
2020-06-28,morocco,0.983766233766234
2020-07-05,morocco,0.98951048951049
2020-07-12,morocco,0.993006993006993
2020-07-19,morocco,0.995504495504496
2020-07-26,morocco,0.996753246753247
2020-08-02,morocco,0.998251748251748
2020-08-09,morocco,0.998751248751249
2020-08-16,morocco,0.999250749250749
2020-08-23,morocco,0.999250749250749
2020-08-30,morocco,0.999250749250749
2020-09-06,morocco,0.999250749250749
2020-09-13,morocco,0.9995004995005
2020-09-20,morocco,0.9995004995005
2020-09-27,morocco,0.9995004995005
2020-10-04,morocco,0.99975024975025
2020-10-11,morocco,0.99975024975025
2020-10-18,morocco,0.99975024975025
2020-10-25,morocco,1
2020-11-01,morocco,1
2020-03-15,pakistan,0
2020-03-22,pakistan,0
2020-03-29,pakistan,0
2020-04-05,pakistan,0
2020-04-12,pakistan,0
2020-04-19,pakistan,0
2020-04-26,pakistan,0.324925074925075
2020-05-03,pakistan,0.414835164835165
2020-05-10,pakistan,0.510989010989011
2020-05-17,pakistan,0.60964035964036
2020-05-24,pakistan,0.687312687312687
2020-05-31,pakistan,0.755244755244755
2020-06-07,pakistan,0.814685314685315
2020-06-14,pakistan,0.858141858141858
2020-06-21,pakistan,0.88961038961039
2020-06-28,pakistan,0.916083916083916
2020-07-05,pakistan,0.935064935064935
2020-07-12,pakistan,0.951798201798202
2020-07-19,pakistan,0.964285714285714
2020-07-26,pakistan,0.971778221778222
2020-08-02,pakistan,0.98001998001998
2020-08-09,pakistan,0.985014985014985
2020-08-16,pakistan,0.989260739260739
2020-08-23,pakistan,0.992507492507493
2020-08-30,pakistan,0.994505494505495
2020-09-06,pakistan,0.997252747252747
2020-09-13,pakistan,0.998501498501498
2020-09-20,pakistan,0.999000999000999
2020-09-27,pakistan,0.999250749250749
2020-10-04,pakistan,0.999250749250749
2020-10-11,pakistan,0.999250749250749
2020-10-18,pakistan,0.99975024975025
2020-10-25,pakistan,1
2020-11-01,pakistan,1
2020-03-15,saudiarabia,0
2020-03-22,saudiarabia,0
2020-03-29,saudiarabia,0
2020-04-05,saudiarabia,0
2020-04-12,saudiarabia,0
2020-04-19,saudiarabia,0
2020-04-26,saudiarabia,0
2020-05-03,saudiarabia,0.265484515484515
2020-05-10,saudiarabia,0.393356643356643
2020-05-17,saudiarabia,0.520479520479521
2020-05-24,saudiarabia,0.62037962037962
2020-05-31,saudiarabia,0.698801198801199
2020-06-07,saudiarabia,0.768481518481519
2020-06-14,saudiarabia,0.828921078921079
2020-06-21,saudiarabia,0.873376623376623
2020-06-28,saudiarabia,0.906343656343656
2020-07-05,saudiarabia,0.926323676323676
2020-07-12,saudiarabia,0.947802197802198
2020-07-19,saudiarabia,0.963036963036963
2020-07-26,saudiarabia,0.971528471528472
2020-08-02,saudiarabia,0.98001998001998
2020-08-09,saudiarabia,0.986513486513486
2020-08-16,saudiarabia,0.99000999000999
2020-08-23,saudiarabia,0.992257742257742
2020-08-30,saudiarabia,0.995504495504495
2020-09-06,saudiarabia,0.997002997002997
2020-09-13,saudiarabia,0.998501498501498
2020-09-20,saudiarabia,0.999250749250749
2020-09-27,saudiarabia,0.999500499500499
2020-10-04,saudiarabia,0.999500499500499
2020-10-11,saudiarabia,0.99975024975025
2020-10-18,saudiarabia,0.99975024975025
2020-10-25,saudiarabia,1
2020-11-01,saudiarabia,1
2020-03-15,sudan,0
2020-03-22,sudan,0
2020-03-29,sudan,0
2020-04-05,sudan,0
2020-04-12,sudan,0
2020-04-19,sudan,0
2020-04-26,sudan,0.461788211788212
2020-05-03,sudan,0.48001998001998
2020-05-10,sudan,0.513486513486513
2020-05-17,sudan,0.561438561438561
2020-05-24,sudan,0.615634365634366
2020-05-31,sudan,0.670829170829171
2020-06-07,sudan,0.722777222777223
2020-06-14,sudan,0.766733266733267
2020-06-21,sudan,0.815684315684316
2020-06-28,sudan,0.851898101898102
2020-07-05,sudan,0.885114885114885
2020-07-12,sudan,0.912587412587413
2020-07-19,sudan,0.936313686313686
2020-07-26,sudan,0.953546453546453
2020-08-02,sudan,0.965534465534466
2020-08-09,sudan,0.978021978021978
2020-08-16,sudan,0.984265734265734
2020-08-23,sudan,0.989010989010989
2020-08-30,sudan,0.990759240759241
2020-09-06,sudan,0.992007992007992
2020-09-13,sudan,0.993756243756244
2020-09-20,sudan,0.996503496503496
2020-09-27,sudan,0.997002997002997
2020-10-04,sudan,0.999000999000999
2020-10-11,sudan,0.999500499500499
2020-10-18,sudan,0.99975024975025
2020-10-25,sudan,1
2020-11-01,sudan,1
2020-03-15,tunisia,0
2020-03-22,tunisia,0
2020-03-29,tunisia,0
2020-04-05,tunisia,0.945554445554446
2020-04-12,tunisia,0.945554445554446
2020-04-19,tunisia,0.945554445554446
2020-04-26,tunisia,0.945554445554446
2020-05-03,tunisia,0.964285714285714
2020-05-10,tunisia,0.975274725274725
2020-05-17,tunisia,0.984765234765235
2020-05-24,tunisia,0.989510489510489
2020-05-31,tunisia,0.991758241758242
2020-06-07,tunisia,0.995004995004995
2020-06-14,tunisia,0.996753246753247
2020-06-21,tunisia,0.998251748251748
2020-06-28,tunisia,0.998501498501498
2020-07-05,tunisia,0.998751248751249
2020-07-12,tunisia,0.999000999000999
2020-07-19,tunisia,0.999250749250749
2020-07-26,tunisia,0.999500499500499
2020-08-02,tunisia,0.999500499500499
2020-08-09,tunisia,1
2020-08-16,tunisia,1
2020-08-23,tunisia,1
2020-08-30,tunisia,1
2020-09-06,tunisia,1
2020-09-13,tunisia,1
2020-09-20,tunisia,1
2020-09-27,tunisia,1
2020-10-04,tunisia,1
2020-10-11,tunisia,1
2020-10-18,tunisia,1
2020-10-25,tunisia,1
2020-11-01,tunisia,1
2020-03-15,turkey,0
2020-03-22,turkey,0
2020-03-29,turkey,0
2020-04-05,turkey,0
2020-04-12,turkey,0.83016983016983
2020-04-19,turkey,0.83016983016983
2020-04-26,turkey,0.83016983016983
2020-05-03,turkey,0.903346653346653
2020-05-10,turkey,0.944055944055944
2020-05-17,turkey,0.964785214785215
2020-05-24,turkey,0.976023976023976
2020-05-31,turkey,0.983766233766234
2020-06-07,turkey,0.988011988011988
2020-06-14,turkey,0.991758241758242
2020-06-21,turkey,0.994755244755245
2020-06-28,turkey,0.996753246753247
2020-07-05,turkey,0.997752247752248
2020-07-12,turkey,0.998251748251748
2020-07-19,turkey,0.999000999000999
2020-07-26,turkey,0.99975024975025
2020-08-02,turkey,1
2020-08-09,turkey,1
2020-08-16,turkey,1
2020-08-23,turkey,1
2020-08-30,turkey,1
2020-09-06,turkey,1
2020-09-13,turkey,1
2020-09-20,turkey,1
2020-09-27,turkey,1
2020-10-04,turkey,1
2020-10-11,turkey,1
2020-10-18,turkey,1
2020-10-25,turkey,1
2020-11-01,turkey,1
2020-03-15,unitedarabemirates,0
2020-03-22,unitedarabemirates,0
2020-03-29,unitedarabemirates,0
2020-04-05,unitedarabemirates,0
2020-04-12,unitedarabemirates,0
2020-04-19,unitedarabemirates,0
2020-04-26,unitedarabemirates,0
2020-05-03,unitedarabemirates,0.355144855144855
2020-05-10,unitedarabemirates,0.527722277722278
2020-05-17,unitedarabemirates,0.643856143856144
2020-05-24,unitedarabemirates,0.735014985014985
2020-05-31,unitedarabemirates,0.805694305694306
2020-06-07,unitedarabemirates,0.861388611388611
2020-06-14,unitedarabemirates,0.89985014985015
2020-06-21,unitedarabemirates,0.931568431568432
2020-06-28,unitedarabemirates,0.949300699300699
2020-07-05,unitedarabemirates,0.964035964035964
2020-07-12,unitedarabemirates,0.973026973026973
2020-07-19,unitedarabemirates,0.983016983016983
2020-07-26,unitedarabemirates,0.987012987012987
2020-08-02,unitedarabemirates,0.991508491508491
2020-08-09,unitedarabemirates,0.993256743256743
2020-08-16,unitedarabemirates,0.994505494505495
2020-08-23,unitedarabemirates,0.996753246753247
2020-08-30,unitedarabemirates,0.998001998001998
2020-09-06,unitedarabemirates,0.998751248751249
2020-09-13,unitedarabemirates,0.9995004995005
2020-09-20,unitedarabemirates,0.9995004995005
2020-09-27,unitedarabemirates,0.99975024975025
2020-10-04,unitedarabemirates,0.99975024975025
2020-10-11,unitedarabemirates,1
2020-10-18,unitedarabemirates,1
2020-10-25,unitedarabemirates,1
2020-11-01,unitedarabemirates,1
2020-03-15,australia,0
2020-03-22,australia,0
2020-03-29,australia,0.998251748251748
2020-04-05,australia,0.998251748251748
2020-04-12,australia,0.998251748251748
2020-04-19,australia,0.998251748251748
2020-04-26,australia,0.998251748251748
2020-05-03,australia,0.998501498501498
2020-05-10,australia,0.998751248751249
2020-05-17,australia,0.999000999000999
2020-05-24,australia,0.999000999000999
2020-05-31,australia,0.999250749250749
2020-06-07,australia,0.999500499500499
2020-06-14,australia,0.999500499500499
2020-06-21,australia,0.999500499500499
2020-06-28,australia,0.999500499500499
2020-07-05,australia,0.999500499500499
2020-07-12,australia,0.999500499500499
2020-07-19,australia,1
2020-07-26,australia,1
2020-08-02,australia,1
2020-08-09,australia,1
2020-08-16,australia,1
2020-08-23,australia,1
2020-08-30,australia,1
2020-09-06,australia,1
2020-09-13,australia,1
2020-09-20,australia,1
2020-09-27,australia,1
2020-10-04,australia,1
2020-10-11,australia,1
2020-10-18,australia,1
2020-10-25,australia,1
2020-11-01,australia,1
2020-03-15,china,1
2020-03-22,china,1
2020-03-29,china,1
2020-04-05,china,1
2020-04-12,china,1
2020-04-19,china,1
2020-04-26,china,1
2020-05-03,china,1
2020-05-10,china,1
2020-05-17,china,1
2020-05-24,china,1
2020-05-31,china,1
2020-06-07,china,1
2020-06-14,china,1
2020-06-21,china,1
2020-06-28,china,1
2020-07-05,china,1
2020-07-12,china,1
2020-07-19,china,1
2020-07-26,china,1
2020-08-02,china,1
2020-08-09,china,1
2020-08-16,china,1
2020-08-23,china,1
2020-08-30,china,1
2020-09-06,china,1
2020-09-13,china,1
2020-09-20,china,1
2020-09-27,china,1
2020-10-04,china,1
2020-10-11,china,1
2020-10-18,china,1
2020-10-25,china,1
2020-11-01,china,1
2020-03-15,indonesia,0
2020-03-22,indonesia,0
2020-03-29,indonesia,0
2020-04-05,indonesia,0
2020-04-12,indonesia,0
2020-04-19,indonesia,0
2020-04-26,indonesia,0.436313686313686
2020-05-03,indonesia,0.637362637362637
2020-05-10,indonesia,0.766233766233766
2020-05-17,indonesia,0.846403596403597
2020-05-24,indonesia,0.905594405594406
2020-05-31,indonesia,0.936313686313686
2020-06-07,indonesia,0.956793206793207
2020-06-14,indonesia,0.972277722277722
2020-06-21,indonesia,0.980519480519481
2020-06-28,indonesia,0.986263736263736
2020-07-05,indonesia,0.99025974025974
2020-07-12,indonesia,0.993506493506494
2020-07-19,indonesia,0.996003996003996
2020-07-26,indonesia,0.997752247752248
2020-08-02,indonesia,0.998251748251748
2020-08-09,indonesia,0.998751248751249
2020-08-16,indonesia,0.999000999000999
2020-08-23,indonesia,0.99975024975025
2020-08-30,indonesia,1
2020-09-06,indonesia,1
2020-09-13,indonesia,1
2020-09-20,indonesia,1
2020-09-27,indonesia,1
2020-10-04,indonesia,1
2020-10-11,indonesia,1
2020-10-18,indonesia,1
2020-10-25,indonesia,1
2020-11-01,indonesia,1
2020-03-15,japan,0
2020-03-22,japan,0
2020-03-29,japan,0
2020-04-05,japan,0
2020-04-12,japan,0
2020-04-19,japan,0.836163836163836
2020-04-26,japan,0.836163836163836
2020-05-03,japan,0.842907092907093
2020-05-10,japan,0.87037962037962
2020-05-17,japan,0.908091908091908
2020-05-24,japan,0.937062937062937
2020-05-31,japan,0.958291708291708
2020-06-07,japan,0.97052947052947
2020-06-14,japan,0.981268731268731
2020-06-21,japan,0.988761238761239
2020-06-28,japan,0.992257742257742
2020-07-05,japan,0.995004995004995
2020-07-12,japan,0.997502497502498
2020-07-19,japan,0.998501498501498
2020-07-26,japan,0.998751248751249
2020-08-02,japan,0.999250749250749
2020-08-09,japan,0.99975024975025
2020-08-16,japan,1
2020-08-23,japan,1
2020-08-30,japan,1
2020-09-06,japan,1
2020-09-13,japan,1
2020-09-20,japan,1
2020-09-27,japan,1
2020-10-04,japan,1
2020-10-11,japan,1
2020-10-18,japan,1
2020-10-25,japan,1
2020-11-01,japan,1
2020-03-15,malaysia,0
2020-03-22,malaysia,0
2020-03-29,malaysia,0.886613386613387
2020-04-05,malaysia,0.886613386613387
2020-04-12,malaysia,0.886613386613387
2020-04-19,malaysia,0.886613386613387
2020-04-26,malaysia,0.886613386613387
2020-05-03,malaysia,0.91983016983017
2020-05-10,malaysia,0.944805194805195
2020-05-17,malaysia,0.963786213786214
2020-05-24,malaysia,0.976523476523477
2020-05-31,malaysia,0.984265734265734
2020-06-07,malaysia,0.988011988011988
2020-06-14,malaysia,0.992257742257742
2020-06-21,malaysia,0.994255744255744
2020-06-28,malaysia,0.995504495504495
2020-07-05,malaysia,0.997002997002997
2020-07-12,malaysia,0.998501498501498
2020-07-19,malaysia,0.999000999000999
2020-07-26,malaysia,0.999250749250749
2020-08-02,malaysia,0.999250749250749
2020-08-09,malaysia,0.999250749250749
2020-08-16,malaysia,0.999500499500499
2020-08-23,malaysia,0.999500499500499
2020-08-30,malaysia,0.99975024975025
2020-09-06,malaysia,1
2020-09-13,malaysia,1
2020-09-20,malaysia,1
2020-09-27,malaysia,1
2020-10-04,malaysia,1
2020-10-11,malaysia,1
2020-10-18,malaysia,1
2020-10-25,malaysia,1
2020-11-01,malaysia,1
2020-03-15,philippines,0
2020-03-22,philippines,0
2020-03-29,philippines,0
2020-04-05,philippines,0.834665334665335
2020-04-12,philippines,0.834665334665335
2020-04-19,philippines,0.834665334665335
2020-04-26,philippines,0.834665334665335
2020-05-03,philippines,0.857142857142857
2020-05-10,philippines,0.879120879120879
2020-05-17,philippines,0.9000999000999
2020-05-24,philippines,0.92032967032967
2020-05-31,philippines,0.93956043956044
2020-06-07,philippines,0.954795204795205
2020-06-14,philippines,0.966783216783217
2020-06-21,philippines,0.973776223776224
2020-06-28,philippines,0.981268731268731
2020-07-05,philippines,0.985764235764236
2020-07-12,philippines,0.99025974025974
2020-07-19,philippines,0.992007992007992
2020-07-26,philippines,0.993006993006993
2020-08-02,philippines,0.994755244755245
2020-08-09,philippines,0.996253746253746
2020-08-16,philippines,0.997502497502498
2020-08-23,philippines,0.997752247752248
2020-08-30,philippines,0.998501498501498
2020-09-06,philippines,0.998751248751249
2020-09-13,philippines,0.999500499500499
2020-09-20,philippines,0.99975024975025
2020-09-27,philippines,0.99975024975025
2020-10-04,philippines,1
2020-10-11,philippines,1
2020-10-18,philippines,1
2020-10-25,philippines,1
2020-11-01,philippines,1
2020-03-15,southkorea,1
2020-03-22,southkorea,1
2020-03-29,southkorea,1
2020-04-05,southkorea,1
2020-04-12,southkorea,1
2020-04-19,southkorea,1
2020-04-26,southkorea,1
2020-05-03,southkorea,1
2020-05-10,southkorea,1
2020-05-17,southkorea,1
2020-05-24,southkorea,1
2020-05-31,southkorea,1
2020-06-07,southkorea,1
2020-06-14,southkorea,1
2020-06-21,southkorea,1
2020-06-28,southkorea,1
2020-07-05,southkorea,1
2020-07-12,southkorea,1
2020-07-19,southkorea,1
2020-07-26,southkorea,1
2020-08-02,southkorea,1
2020-08-09,southkorea,1
2020-08-16,southkorea,1
2020-08-23,southkorea,1
2020-08-30,southkorea,1
2020-09-06,southkorea,1
2020-09-13,southkorea,1
2020-09-20,southkorea,1
2020-09-27,southkorea,1
2020-10-04,southkorea,1
2020-10-11,southkorea,1
2020-10-18,southkorea,1
2020-10-25,southkorea,1
2020-11-01,southkorea,1
2020-03-15,thailand,0
2020-03-22,thailand,0
2020-03-29,thailand,0.960789210789211
2020-04-05,thailand,0.960789210789211
2020-04-12,thailand,0.960789210789211
2020-04-19,thailand,0.960789210789211
2020-04-26,thailand,0.960789210789211
2020-05-03,thailand,0.968281718281718
2020-05-10,thailand,0.976023976023976
2020-05-17,thailand,0.980519480519481
2020-05-24,thailand,0.984765234765235
2020-05-31,thailand,0.987262737262737
2020-06-07,thailand,0.990759240759241
2020-06-14,thailand,0.993256743256743
2020-06-21,thailand,0.996003996003996
2020-06-28,thailand,0.997002997002997
2020-07-05,thailand,0.998001998001998
2020-07-12,thailand,0.998501498501498
2020-07-19,thailand,0.999000999000999
2020-07-26,thailand,0.999500499500499
2020-08-02,thailand,0.99975024975025
2020-08-09,thailand,0.99975024975025
2020-08-16,thailand,1
2020-08-23,thailand,1
2020-08-30,thailand,1
2020-09-06,thailand,1
2020-09-13,thailand,1
2020-09-20,thailand,1
2020-09-27,thailand,1
2020-10-04,thailand,1
2020-10-11,thailand,1
2020-10-18,thailand,1
2020-10-25,thailand,1
2020-11-01,thailand,1
